{
  "packageName": "Dutch A2-B1 – Civic Integration: Neighborhood, School & Housing",
  "author": "Tzu Master",
  "content": {
    "items": [
      { "targetText": "de buurt verkennen", "sourceText": "to explore the neighborhood" },
      { "targetText": "de buren ontmoeten", "sourceText": "to meet the neighbors" },
      { "targetText": "overlast melden", "sourceText": "to report nuisance" },
      { "targetText": "de omgeving bekijken", "sourceText": "to look around the area" },
      { "targetText": "het afval scheiden", "sourceText": "to separate the waste" },
      { "targetText": "grofvuil aanmelden", "sourceText": "to register bulky waste" },
      { "targetText": "de wijkagent spreken", "sourceText": "to speak with the community police officer" },
      { "targetText": "een melding maken", "sourceText": "to make a report" },
      { "targetText": "de speeltuin bezoeken", "sourceText": "to visit the playground" },
      { "targetText": "een klacht doorgeven", "sourceText": "to pass on a complaint" },

      { "targetText": "het kind inschrijven", "sourceText": "to register the child" },
      { "targetText": "met de leraar praten", "sourceText": "to speak with the teacher" },
      { "targetText": "het rapport bekijken", "sourceText": "to check the school report" },
      { "targetText": "een ouderavond bijwonen", "sourceText": "to attend a parent meeting" },
      { "targetText": "schoolspullen kopen", "sourceText": "to buy school supplies" },
      { "targetText": "afwezigheid melden", "sourceText": "to report absence" },
      { "targetText": "thuis leren", "sourceText": "to study at home" },
      { "targetText": "huiswerk controleren", "sourceText": "to check homework" },
      { "targetText": "de school bellen", "sourceText": "to call the school" },
      { "targetText": "een afspraak op school", "sourceText": "to have a school appointment" },

      { "targetText": "een woning zoeken", "sourceText": "to look for housing" },
      { "targetText": "een woning bezichtigen", "sourceText": "to view a house" },
      { "targetText": "de huur betalen", "sourceText": "to pay the rent" },
      { "targetText": "huurtoeslag aanvragen", "sourceText": "to apply for rent allowance" },
      { "targetText": "een contract tekenen", "sourceText": "to sign a contract" },
      { "targetText": "de meterstanden doorgeven", "sourceText": "to submit meter readings" },
      { "targetText": "een reparatie aanvragen", "sourceText": "to request a repair" },
      { "targetText": "een storing melden", "sourceText": "to report a malfunction" },
      { "targetText": "de woning schoonhouden", "sourceText": "to keep the house clean" },
      { "targetText": "de huur opzeggen", "sourceText": "to cancel the rental contract" },

      { "targetText": "de buurtwinkel bezoeken", "sourceText": "to visit the local shop" },
      { "targetText": "de gemeente bellen", "sourceText": "to call the municipality" },
      { "targetText": "openbaar vervoer gebruiken", "sourceText": "to use public transport" },
      { "targetText": "een pakket ophalen", "sourceText": "to pick up a package" },
      { "targetText": "een formulier opsturen", "sourceText": "to send a form" },
      { "targetText": "informatie doorlezen", "sourceText": "to read through information" },
      { "targetText": "veilig oversteken", "sourceText": "to cross safely" },
      { "targetText": "de bushalte vinden", "sourceText": "to find the bus stop" },
      { "targetText": "een afspraak bevestigen", "sourceText": "to confirm an appointment" },
      { "targetText": "hulp vragen", "sourceText": "to ask for help" },

      { "targetText": "met de buren praten", "sourceText": "to talk with neighbors" },
      { "targetText": "de wijk schoonhouden", "sourceText": "to keep the neighborhood clean" },
      { "targetText": "een vrijwilliger spreken", "sourceText": "to speak with a volunteer" },
      { "targetText": "activiteiten zoeken", "sourceText": "to look for activities" },
      { "targetText": "iemand uitnodigen", "sourceText": "to invite someone" },
      { "targetText": "een probleem bespreken", "sourceText": "to discuss a problem" },
      { "targetText": "informatie aanvragen", "sourceText": "to request information" },
      { "targetText": "documenten meenemen", "sourceText": "to bring documents" },
      { "targetText": "naar het loket gaan", "sourceText": "to go to the service desk" },
      { "targetText": "een afspraak annuleren", "sourceText": "to cancel an appointment" }
    ]
  }
}
