{
  "packageName": "Dutch SWE Words",
  "author": "Cascade",
  "content": {
    "items": [
      {
        "targetMd": "./t-1.md",
        "sourceMd": "./s-1.md"
      },
      {
        "targetMd": "./t-2.md",
        "sourceMd": "./s-2.md"
      },
      {
        "targetMd": "./t-3.md",
        "sourceMd": "./s-3.md"
      },
      {
        "targetMd": "./t-4.md",
        "sourceMd": "./s-4.md"
      },
      {
        "targetMd": "./t-5.md",
        "sourceMd": "./s-5.md"
      },
      {
        "targetMd": "./t-6.md",
        "sourceMd": "./s-6.md"
      },
      {
        "targetMd": "./t-7.md",
        "sourceMd": "./s-7.md"
      },
      {
        "targetMd": "./t-8.md",
        "sourceMd": "./s-8.md"
      },
      {
        "targetMd": "./t-9.md",
        "sourceMd": "./s-9.md"
      },
      {
        "targetMd": "./t-10.md",
        "sourceMd": "./s-10.md"
      },
      {
        "targetMd": "./t-11.md",
        "sourceMd": "./s-11.md"
      },
      {
        "targetMd": "./t-12.md",
        "sourceMd": "./s-12.md"
      },
      {
        "targetMd": "./t-13.md",
        "sourceMd": "./s-13.md"
      },
      {
        "targetMd": "./t-14.md",
        "sourceMd": "./s-14.md"
      },
      {
        "targetMd": "./t-15.md",
        "sourceMd": "./s-15.md"
      },
      {
        "targetMd": "./t-16.md",
        "sourceMd": "./s-16.md"
      },
      {
        "targetMd": "./t-17.md",
        "sourceMd": "./s-17.md"
      },
      {
        "targetMd": "./t-18.md",
        "sourceMd": "./s-18.md"
      },
      {
        "targetMd": "./t-19.md",
        "sourceMd": "./s-19.md"
      },
      {
        "targetMd": "./t-20.md",
        "sourceMd": "./s-20.md"
      },
      {
        "targetMd": "./t-21.md",
        "sourceMd": "./s-21.md"
      },
      {
        "targetMd": "./t-22.md",
        "sourceMd": "./s-22.md"
      },
      {
        "targetMd": "./t-23.md",
        "sourceMd": "./s-23.md"
      },
      {
        "targetMd": "./t-24.md",
        "sourceMd": "./s-24.md"
      },
      {
        "targetMd": "./t-25.md",
        "sourceMd": "./s-25.md"
      },
      {
        "targetMd": "./t-26.md",
        "sourceMd": "./s-26.md"
      },
      {
        "targetMd": "./t-27.md",
        "sourceMd": "./s-27.md"
      },
      {
        "targetMd": "./t-28.md",
        "sourceMd": "./s-28.md"
      },
      {
        "targetMd": "./t-29.md",
        "sourceMd": "./s-29.md"
      },
      {
        "targetMd": "./t-30.md",
        "sourceMd": "./s-30.md"
      },
      {
        "targetMd": "./t-31.md",
        "sourceMd": "./s-31.md"
      },
      {
        "targetMd": "./t-32.md",
        "sourceMd": "./s-32.md"
      },
      {
        "targetMd": "./t-33.md",
        "sourceMd": "./s-33.md"
      },
      {
        "targetMd": "./t-34.md",
        "sourceMd": "./s-34.md"
      },
      {
        "targetMd": "./t-35.md",
        "sourceMd": "./s-35.md"
      },
      {
        "targetMd": "./t-36.md",
        "sourceMd": "./s-36.md"
      },
      {
        "targetMd": "./t-37.md",
        "sourceMd": "./s-37.md"
      },
      {
        "targetMd": "./t-38.md",
        "sourceMd": "./s-38.md"
      },
      {
        "targetMd": "./t-39.md",
        "sourceMd": "./s-39.md"
      },
      {
        "targetMd": "./t-40.md",
        "sourceMd": "./s-40.md"
      },
      {
        "targetMd": "./t-41.md",
        "sourceMd": "./s-41.md"
      },
      {
        "targetMd": "./t-42.md",
        "sourceMd": "./s-42.md"
      },
      {
        "targetMd": "./t-43.md",
        "sourceMd": "./s-43.md"
      },
      {
        "targetMd": "./t-44.md",
        "sourceMd": "./s-44.md"
      },
      {
        "targetMd": "./t-45.md",
        "sourceMd": "./s-45.md"
      },
      {
        "targetMd": "./t-46.md",
        "sourceMd": "./s-46.md"
      },
      {
        "targetMd": "./t-47.md",
        "sourceMd": "./s-47.md"
      },
      {
        "targetMd": "./t-48.md",
        "sourceMd": "./s-48.md"
      },
      {
        "targetMd": "./t-49.md",
        "sourceMd": "./s-49.md"
      },
      {
        "targetMd": "./t-50.md",
        "sourceMd": "./s-50.md"
      },
      {
        "targetMd": "./t-51.md",
        "sourceMd": "./s-51.md"
      },
      {
        "targetMd": "./t-52.md",
        "sourceMd": "./s-52.md"
      },
      {
        "targetMd": "./t-53.md",
        "sourceMd": "./s-53.md"
      },
      {
        "targetMd": "./t-54.md",
        "sourceMd": "./s-54.md"
      },
      {
        "targetMd": "./t-55.md",
        "sourceMd": "./s-55.md"
      },
      {
        "targetMd": "./t-56.md",
        "sourceMd": "./s-56.md"
      },
      {
        "targetMd": "./t-57.md",
        "sourceMd": "./s-57.md"
      },
      {
        "targetMd": "./t-58.md",
        "sourceMd": "./s-58.md"
      },
      {
        "targetMd": "./t-59.md",
        "sourceMd": "./s-59.md"
      },
      {
        "targetMd": "./t-60.md",
        "sourceMd": "./s-60.md"
      },
      {
        "targetMd": "./t-61.md",
        "sourceMd": "./s-61.md"
      },
      {
        "targetMd": "./t-62.md",
        "sourceMd": "./s-62.md"
      },
      {
        "targetMd": "./t-63.md",
        "sourceMd": "./s-63.md"
      },
      {
        "targetMd": "./t-64.md",
        "sourceMd": "./s-64.md"
      },
      {
        "targetMd": "./t-65.md",
        "sourceMd": "./s-65.md"
      },
      {
        "targetMd": "./t-66.md",
        "sourceMd": "./s-66.md"
      },
      {
        "targetMd": "./t-67.md",
        "sourceMd": "./s-67.md"
      },
      {
        "targetMd": "./t-68.md",
        "sourceMd": "./s-68.md"
      },
      {
        "targetMd": "./t-69.md",
        "sourceMd": "./s-69.md"
      },
      {
        "targetMd": "./t-70.md",
        "sourceMd": "./s-70.md"
      },
      {
        "targetMd": "./t-71.md",
        "sourceMd": "./s-71.md"
      },
      {
        "targetMd": "./t-72.md",
        "sourceMd": "./s-72.md"
      },
      {
        "targetMd": "./t-73.md",
        "sourceMd": "./s-73.md"
      },
      {
        "targetMd": "./t-74.md",
        "sourceMd": "./s-74.md"
      },
      {
        "targetMd": "./t-75.md",
        "sourceMd": "./s-75.md"
      },
      {
        "targetMd": "./t-76.md",
        "sourceMd": "./s-76.md"
      },
      {
        "targetMd": "./t-77.md",
        "sourceMd": "./s-77.md"
      },
      {
        "targetMd": "./t-78.md",
        "sourceMd": "./s-78.md"
      },
      {
        "targetMd": "./t-79.md",
        "sourceMd": "./s-79.md"
      },
      {
        "targetMd": "./t-80.md",
        "sourceMd": "./s-80.md"
      },
      {
        "targetMd": "./t-81.md",
        "sourceMd": "./s-81.md"
      },
      {
        "targetMd": "./t-82.md",
        "sourceMd": "./s-82.md"
      },
      {
        "targetMd": "./t-83.md",
        "sourceMd": "./s-83.md"
      },
      {
        "targetMd": "./t-84.md",
        "sourceMd": "./s-84.md"
      },
      {
        "targetMd": "./t-85.md",
        "sourceMd": "./s-85.md"
      },
      {
        "targetMd": "./t-86.md",
        "sourceMd": "./s-86.md"
      },
      {
        "targetMd": "./t-87.md",
        "sourceMd": "./s-87.md"
      },
      {
        "targetMd": "./t-88.md",
        "sourceMd": "./s-88.md"
      },
      {
        "targetMd": "./t-89.md",
        "sourceMd": "./s-89.md"
      },
      {
        "targetMd": "./t-90.md",
        "sourceMd": "./s-90.md"
      },
      {
        "targetMd": "./t-91.md",
        "sourceMd": "./s-91.md"
      },
      {
        "targetMd": "./t-92.md",
        "sourceMd": "./s-92.md"
      },
      {
        "targetMd": "./t-93.md",
        "sourceMd": "./s-93.md"
      },
      {
        "targetMd": "./t-94.md",
        "sourceMd": "./s-94.md"
      },
      {
        "targetMd": "./t-95.md",
        "sourceMd": "./s-95.md"
      },
      {
        "targetMd": "./t-96.md",
        "sourceMd": "./s-96.md"
      },
      {
        "targetMd": "./t-97.md",
        "sourceMd": "./s-97.md"
      },
      {
        "targetMd": "./t-98.md",
        "sourceMd": "./s-98.md"
      },
      {
        "targetMd": "./t-99.md",
        "sourceMd": "./s-99.md"
      },
      {
        "targetMd": "./t-100.md",
        "sourceMd": "./s-100.md"
      },
      {
        "targetMd": "./t-101.md",
        "sourceMd": "./s-101.md"
      },
      {
        "targetMd": "./t-102.md",
        "sourceMd": "./s-102.md"
      },
      {
        "targetMd": "./t-103.md",
        "sourceMd": "./s-103.md"
      },
      {
        "targetMd": "./t-104.md",
        "sourceMd": "./s-104.md"
      },
      {
        "targetMd": "./t-105.md",
        "sourceMd": "./s-105.md"
      },
      {
        "targetMd": "./t-106.md",
        "sourceMd": "./s-106.md"
      },
      {
        "targetMd": "./t-107.md",
        "sourceMd": "./s-107.md"
      },
      {
        "targetMd": "./t-108.md",
        "sourceMd": "./s-108.md"
      },
      {
        "targetMd": "./t-109.md",
        "sourceMd": "./s-109.md"
      },
      {
        "targetMd": "./t-110.md",
        "sourceMd": "./s-110.md"
      },
      {
        "targetMd": "./t-111.md",
        "sourceMd": "./s-111.md"
      },
      {
        "targetMd": "./t-112.md",
        "sourceMd": "./s-112.md"
      },
      {
        "targetMd": "./t-113.md",
        "sourceMd": "./s-113.md"
      },
      {
        "targetMd": "./t-114.md",
        "sourceMd": "./s-114.md"
      },
      {
        "targetMd": "./t-115.md",
        "sourceMd": "./s-115.md"
      },
      {
        "targetMd": "./t-116.md",
        "sourceMd": "./s-116.md"
      },
      {
        "targetMd": "./t-117.md",
        "sourceMd": "./s-117.md"
      },
      {
        "targetMd": "./t-118.md",
        "sourceMd": "./s-118.md"
      },
      {
        "targetMd": "./t-119.md",
        "sourceMd": "./s-119.md"
      },
      {
        "targetMd": "./t-120.md",
        "sourceMd": "./s-120.md"
      },
      {
        "targetMd": "./t-121.md",
        "sourceMd": "./s-121.md"
      },
      {
        "targetMd": "./t-122.md",
        "sourceMd": "./s-122.md"
      },
      {
        "targetMd": "./t-123.md",
        "sourceMd": "./s-123.md"
      },
      {
        "targetMd": "./t-124.md",
        "sourceMd": "./s-124.md"
      },
      {
        "targetMd": "./t-125.md",
        "sourceMd": "./s-125.md"
      },
      {
        "targetMd": "./t-126.md",
        "sourceMd": "./s-126.md"
      },
      {
        "targetMd": "./t-127.md",
        "sourceMd": "./s-127.md"
      },
      {
        "targetMd": "./t-128.md",
        "sourceMd": "./s-128.md"
      },
      {
        "targetMd": "./t-129.md",
        "sourceMd": "./s-129.md"
      },
      {
        "targetMd": "./t-130.md",
        "sourceMd": "./s-130.md"
      },
      {
        "targetMd": "./t-131.md",
        "sourceMd": "./s-131.md"
      },
      {
        "targetMd": "./t-132.md",
        "sourceMd": "./s-132.md"
      },
      {
        "targetMd": "./t-133.md",
        "sourceMd": "./s-133.md"
      },
      {
        "targetMd": "./t-134.md",
        "sourceMd": "./s-134.md"
      },
      {
        "targetMd": "./t-135.md",
        "sourceMd": "./s-135.md"
      },
      {
        "targetMd": "./t-136.md",
        "sourceMd": "./s-136.md"
      },
      {
        "targetMd": "./t-137.md",
        "sourceMd": "./s-137.md"
      },
      {
        "targetMd": "./t-138.md",
        "sourceMd": "./s-138.md"
      },
      {
        "targetMd": "./t-139.md",
        "sourceMd": "./s-139.md"
      },
      {
        "targetMd": "./t-140.md",
        "sourceMd": "./s-140.md"
      },
      {
        "targetMd": "./t-141.md",
        "sourceMd": "./s-141.md"
      },
      {
        "targetMd": "./t-142.md",
        "sourceMd": "./s-142.md"
      },
      {
        "targetMd": "./t-143.md",
        "sourceMd": "./s-143.md"
      },
      {
        "targetMd": "./t-144.md",
        "sourceMd": "./s-144.md"
      },
      {
        "targetMd": "./t-145.md",
        "sourceMd": "./s-145.md"
      },
      {
        "targetMd": "./t-146.md",
        "sourceMd": "./s-146.md"
      },
      {
        "targetMd": "./t-147.md",
        "sourceMd": "./s-147.md"
      },
      {
        "targetMd": "./t-148.md",
        "sourceMd": "./s-148.md"
      },
      {
        "targetMd": "./t-149.md",
        "sourceMd": "./s-149.md"
      },
      {
        "targetMd": "./t-150.md",
        "sourceMd": "./s-150.md"
      },
      {
        "targetMd": "./t-151.md",
        "sourceMd": "./s-151.md"
      },
      {
        "targetMd": "./t-152.md",
        "sourceMd": "./s-152.md"
      },
      {
        "targetMd": "./t-153.md",
        "sourceMd": "./s-153.md"
      },
      {
        "targetMd": "./t-154.md",
        "sourceMd": "./s-154.md"
      },
      {
        "targetMd": "./t-155.md",
        "sourceMd": "./s-155.md"
      },
      {
        "targetMd": "./t-156.md",
        "sourceMd": "./s-156.md"
      },
      {
        "targetMd": "./t-157.md",
        "sourceMd": "./s-157.md"
      },
      {
        "targetMd": "./t-158.md",
        "sourceMd": "./s-158.md"
      },
      {
        "targetMd": "./t-159.md",
        "sourceMd": "./s-159.md"
      },
      {
        "targetMd": "./t-160.md",
        "sourceMd": "./s-160.md"
      },
      {
        "targetMd": "./t-161.md",
        "sourceMd": "./s-161.md"
      },
      {
        "targetMd": "./t-162.md",
        "sourceMd": "./s-162.md"
      },
      {
        "targetMd": "./t-163.md",
        "sourceMd": "./s-163.md"
      },
      {
        "targetMd": "./t-164.md",
        "sourceMd": "./s-164.md"
      },
      {
        "targetMd": "./t-165.md",
        "sourceMd": "./s-165.md"
      },
      {
        "targetMd": "./t-166.md",
        "sourceMd": "./s-166.md"
      },
      {
        "targetMd": "./t-167.md",
        "sourceMd": "./s-167.md"
      },
      {
        "targetMd": "./t-168.md",
        "sourceMd": "./s-168.md"
      },
      {
        "targetMd": "./t-169.md",
        "sourceMd": "./s-169.md"
      },
      {
        "targetMd": "./t-170.md",
        "sourceMd": "./s-170.md"
      },
      {
        "targetMd": "./t-171.md",
        "sourceMd": "./s-171.md"
      },
      {
        "targetMd": "./t-172.md",
        "sourceMd": "./s-172.md"
      },
      {
        "targetMd": "./t-173.md",
        "sourceMd": "./s-173.md"
      },
      {
        "targetMd": "./t-174.md",
        "sourceMd": "./s-174.md"
      },
      {
        "targetMd": "./t-175.md",
        "sourceMd": "./s-175.md"
      },
      {
        "targetMd": "./t-176.md",
        "sourceMd": "./s-176.md"
      },
      {
        "targetMd": "./t-177.md",
        "sourceMd": "./s-177.md"
      },
      {
        "targetMd": "./t-178.md",
        "sourceMd": "./s-178.md"
      },
      {
        "targetMd": "./t-179.md",
        "sourceMd": "./s-179.md"
      },
      {
        "targetMd": "./t-180.md",
        "sourceMd": "./s-180.md"
      },
      {
        "targetMd": "./t-181.md",
        "sourceMd": "./s-181.md"
      },
      {
        "targetMd": "./t-182.md",
        "sourceMd": "./s-182.md"
      },
      {
        "targetMd": "./t-183.md",
        "sourceMd": "./s-183.md"
      },
      {
        "targetMd": "./t-184.md",
        "sourceMd": "./s-184.md"
      },
      {
        "targetMd": "./t-185.md",
        "sourceMd": "./s-185.md"
      },
      {
        "targetMd": "./t-186.md",
        "sourceMd": "./s-186.md"
      },
      {
        "targetMd": "./t-187.md",
        "sourceMd": "./s-187.md"
      },
      {
        "targetMd": "./t-188.md",
        "sourceMd": "./s-188.md"
      },
      {
        "targetMd": "./t-189.md",
        "sourceMd": "./s-189.md"
      },
      {
        "targetMd": "./t-190.md",
        "sourceMd": "./s-190.md"
      },
      {
        "targetMd": "./t-191.md",
        "sourceMd": "./s-191.md"
      },
      {
        "targetMd": "./t-192.md",
        "sourceMd": "./s-192.md"
      },
      {
        "targetMd": "./t-193.md",
        "sourceMd": "./s-193.md"
      },
      {
        "targetMd": "./t-194.md",
        "sourceMd": "./s-194.md"
      },
      {
        "targetMd": "./t-195.md",
        "sourceMd": "./s-195.md"
      }
    ]
  }
}