{
  "packageName": "Dutch A2 – Common Daily Phrases for Inburgeren",
  "author": "Tzu Master",
  "content": {
    "items": [
      { "targetText": "een afspraak maken", "sourceText": "to make an appointment" },
      { "targetText": "boodschappen doen", "sourceText": "to do groceries" },
      { "targetText": "het huis schoonmaken", "sourceText": "to clean the house" },
      { "targetText": "een formulier invullen", "sourceText": "to fill out a form" },
      { "targetText": "iets regelen", "sourceText": "to arrange something" },
      { "targetText": "een probleem melden", "sourceText": "to report a problem" },
      { "targetText": "een vraag stellen", "sourceText": "to ask a question" },
      { "targetText": "met iemand praten", "sourceText": "to talk with someone" },
      { "targetText": "op tijd komen", "sourceText": "to arrive on time" },
      { "targetText": "te laat komen", "sourceText": "to arrive late" },
      { "targetText": "een afspraak afzeggen", "sourceText": "to cancel an appointment" },
      { "targetText": "het niet begrijpen", "sourceText": "to not understand" },
      { "targetText": "een boodschap achterlaten", "sourceText": "to leave a message" },
      { "targetText": "de weg vragen", "sourceText": "to ask for directions" },
      { "targetText": "op de bus wachten", "sourceText": "to wait for the bus" },
      { "targetText": "de kinderen ophalen", "sourceText": "to pick up the children" },
      { "targetText": "eten klaarmaken", "sourceText": "to prepare food" },
      { "targetText": "iets bestellen", "sourceText": "to order something" },
      { "targetText": "een rekening betalen", "sourceText": "to pay a bill" },
      { "targetText": "informatie zoeken", "sourceText": "to search for information" },
      { "targetText": "een klacht indienen", "sourceText": "to file a complaint" },
      { "targetText": "de dokter bellen", "sourceText": "to call the doctor" },
      { "targetText": "een baan zoeken", "sourceText": "to look for a job" },
      { "targetText": "pauze nemen", "sourceText": "to take a break" },
      { "targetText": "de afwas doen", "sourceText": "to do the dishes" },
      { "targetText": "de was doen", "sourceText": "to do the laundry" },
      { "targetText": "naar school gaan", "sourceText": "to go to school" },
      { "targetText": "iets uitleggen", "sourceText": "to explain something" },
      { "targetText": "een beslissing nemen", "sourceText": "to make a decision" },
      { "targetText": "een afspraak bevestigen", "sourceText": "to confirm an appointment" }
    ]
  }
}
