{
  "packageName": "Dutch A2 – Perfectum Short Sentences",
  "author": "Tzu Master (OpenAI)",
  "content": {
    "items": [
      { "targetText": "Ik heb thuis gewerkt.", "sourceText": "I have worked at home." },
      { "targetText": "Hij heeft zijn moeder gebeld.", "sourceText": "He has called his mother." },
      { "targetText": "Wij hebben een afspraak gemaakt.", "sourceText": "We have made an appointment." },
      { "targetText": "Zij heeft soep gekookt.", "sourceText": "She has cooked soup." },
      { "targetText": "Ik heb op de bus gewacht.", "sourceText": "I have waited for the bus." },
      { "targetText": "We hebben een woning gezocht.", "sourceText": "We have looked for housing." },
      { "targetText": "Hij heeft zijn buurman geholpen.", "sourceText": "He has helped his neighbor." },
      { "targetText": "Ik heb een brief geschreven.", "sourceText": "I have written a letter." },
      { "targetText": "Zij heeft voor school gestudeerd.", "sourceText": "She has studied for school." },
      { "targetText": "We hebben met de leraar gepraat.", "sourceText": "We have talked with the teacher." },
      { "targetText": "Ik heb de huur betaald.", "sourceText": "I have paid the rent." },
      { "targetText": "Hij heeft de fiets gerepareerd.", "sourceText": "He has repaired the bike." },
      { "targetText": "We hebben in de tuin gezeten.", "sourceText": "We have sat in the garden." },
      { "targetText": "Zij heeft de kinderen weggebracht.", "sourceText": "She has taken the children away." },
      { "targetText": "Ik heb de afwas gedaan.", "sourceText": "I have done the dishes." },
      { "targetText": "Hij heeft televisie gekeken.", "sourceText": "He has watched TV." },
      { "targetText": "We hebben de bibliotheek bezocht.", "sourceText": "We have visited the library." },
      { "targetText": "Ik heb nieuwe schoenen gekocht.", "sourceText": "I have bought new shoes." },
      { "targetText": "Zij heeft een geluid gehoord.", "sourceText": "She has heard a sound." },
      { "targetText": "Ik heb de sleutel gevonden.", "sourceText": "I have found the key." }
    ]
  }
}
