{
  "packageName": "Dutch B1 - 50 most important words",
  "author": "Viktar Parashchanka",
  "content": {
    "items": [
      { "targetText": "de ervaring", "sourceText": "the experience" },
      { "targetText": "de mening", "sourceText": "the opinion" },
      { "targetText": "het gevoel", "sourceText": "the feeling" },
      { "targetText": "de gedachte", "sourceText": "the thought" },
      { "targetText": "de gewoonte", "sourceText": "the habit" },
      { "targetText": "de kans", "sourceText": "the chance" },
      { "targetText": "de beslissing", "sourceText": "the decision" },
      { "targetText": "het probleem", "sourceText": "the problem" },
      { "targetText": "de oplossing", "sourceText": "the solution" },
      { "targetText": "de situatie", "sourceText": "the situation" },
      { "targetText": "het verschil", "sourceText": "the difference" },
      { "targetText": "de overeenkomst", "sourceText": "the agreement" },
      { "targetText": "de gelegenheid", "sourceText": "the opportunity" },
      { "targetText": "het resultaat", "sourceText": "the result" },
      { "targetText": "de invloed", "sourceText": "the influence" },
      { "targetText": "de relatie", "sourceText": "the relationship" },
      { "targetText": "de ervaring", "sourceText": "the experience" },
      { "targetText": "het gesprek", "sourceText": "the conversation" },
      { "targetText": "de vergadering", "sourceText": "the meeting" },
      { "targetText": "de verantwoordelijkheid", "sourceText": "the responsibility" },
      { "targetText": "de uitdaging", "sourceText": "the challenge" },
      { "targetText": "het voordeel", "sourceText": "the advantage" },
      { "targetText": "het nadeel", "sourceText": "the disadvantage" },
      { "targetText": "de gebeurtenis", "sourceText": "the event" },
      { "targetText": "het onderwerp", "sourceText": "the subject" },
      { "targetText": "de uitleg", "sourceText": "the explanation" },
      { "targetText": "de keuze", "sourceText": "the choice" },
      { "targetText": "de ontwikkeling", "sourceText": "the development" },
      { "targetText": "het gedrag", "sourceText": "the behavior" },
      { "targetText": "de toekomst", "sourceText": "the future" },
      { "targetText": "te begrijpen", "sourceText": "to understand" },
      { "targetText": "te gebruiken", "sourceText": "to use" },
      { "targetText": "te proberen", "sourceText": "to try" },
      { "targetText": "te voelen", "sourceText": "to feel" },
      { "targetText": "te laten", "sourceText": "to let" },
      { "targetText": "te blijven", "sourceText": "to stay" },
      { "targetText": "te beginnen", "sourceText": "to begin" },
      { "targetText": "te eindigen", "sourceText": "to end" },
      { "targetText": "te werken", "sourceText": "to work" },
      { "targetText": "te studeren", "sourceText": "to study" },
      { "targetText": "te begrijpen", "sourceText": "to understand" },
      { "targetText": "te hopen", "sourceText": "to hope" },
      { "targetText": "te geloven", "sourceText": "to believe" },
      { "targetText": "te wachten", "sourceText": "to wait" },
      { "targetText": "te vergeten", "sourceText": "to forget" },
      { "targetText": "te herinneren", "sourceText": "to remember" },
      { "targetText": "te beslissen", "sourceText": "to decide" },
      { "targetText": "te bespreken", "sourceText": "to discuss" },
      { "targetText": "te vergelijken", "sourceText": "to compare" },
      { "targetText": "te verbeteren", "sourceText": "to improve" }
    ]
  }
}