{
  "packageName": "Italian B1+ and B2 (incl. examples)",
  "author": "ChatGPT 5.2",
  "content": {
    "items": [
      {
        "targetMd": "./001-target.md",
        "sourceMd": "./001-source.md"
      },
      {
        "targetMd": "./002-target.md",
        "sourceMd": "./002-source.md"
      },
      {
        "targetMd": "./003-target.md",
        "sourceMd": "./003-source.md"
      },
      {
        "targetMd": "./004-target.md",
        "sourceMd": "./004-source.md"
      },
      {
        "targetMd": "./005-target.md",
        "sourceMd": "./005-source.md"
      },
      {
        "targetMd": "./006-target.md",
        "sourceMd": "./006-source.md"
      },
      {
        "targetMd": "./007-target.md",
        "sourceMd": "./007-source.md"
      },
      {
        "targetMd": "./008-target.md",
        "sourceMd": "./008-source.md"
      },
      {
        "targetMd": "./009-target.md",
        "sourceMd": "./009-source.md"
      },
      {
        "targetMd": "./010-target.md",
        "sourceMd": "./010-source.md"
      },
      {
        "targetMd": "./011-target.md",
        "sourceMd": "./011-source.md"
      },
      {
        "targetMd": "./012-target.md",
        "sourceMd": "./012-source.md"
      },
      {
        "targetMd": "./013-target.md",
        "sourceMd": "./013-source.md"
      },
      {
        "targetMd": "./014-target.md",
        "sourceMd": "./014-source.md"
      },
      {
        "targetMd": "./015-target.md",
        "sourceMd": "./015-source.md"
      },
      {
        "targetMd": "./016-target.md",
        "sourceMd": "./016-source.md"
      },
      {
        "targetMd": "./017-target.md",
        "sourceMd": "./017-source.md"
      },
      {
        "targetMd": "./018-target.md",
        "sourceMd": "./018-source.md"
      },
      {
        "targetMd": "./019-target.md",
        "sourceMd": "./019-source.md"
      },
      {
        "targetMd": "./020-target.md",
        "sourceMd": "./020-source.md"
      },
      {
        "targetMd": "./021-target.md",
        "sourceMd": "./021-source.md"
      },
      {
        "targetMd": "./022-target.md",
        "sourceMd": "./022-source.md"
      },
      {
        "targetMd": "./023-target.md",
        "sourceMd": "./023-source.md"
      },
      {
        "targetMd": "./024-target.md",
        "sourceMd": "./024-source.md"
      },
      {
        "targetMd": "./025-target.md",
        "sourceMd": "./025-source.md"
      },
      {
        "targetMd": "./026-target.md",
        "sourceMd": "./026-source.md"
      },
      {
        "targetMd": "./027-target.md",
        "sourceMd": "./027-source.md"
      },
      {
        "targetMd": "./028-target.md",
        "sourceMd": "./028-source.md"
      },
      {
        "targetMd": "./029-target.md",
        "sourceMd": "./029-source.md"
      },
      {
        "targetMd": "./030-target.md",
        "sourceMd": "./030-source.md"
      },
      {
        "targetMd": "./031-target.md",
        "sourceMd": "./031-source.md"
      },
      {
        "targetMd": "./032-target.md",
        "sourceMd": "./032-source.md"
      },
      {
        "targetMd": "./033-target.md",
        "sourceMd": "./033-source.md"
      },
      {
        "targetMd": "./034-target.md",
        "sourceMd": "./034-source.md"
      },
      {
        "targetMd": "./035-target.md",
        "sourceMd": "./035-source.md"
      },
      {
        "targetMd": "./036-target.md",
        "sourceMd": "./036-source.md"
      },
      {
        "targetMd": "./037-target.md",
        "sourceMd": "./037-source.md"
      },
      {
        "targetMd": "./038-target.md",
        "sourceMd": "./038-source.md"
      },
      {
        "targetMd": "./039-target.md",
        "sourceMd": "./039-source.md"
      },
      {
        "targetMd": "./040-target.md",
        "sourceMd": "./040-source.md"
      },
      {
        "targetMd": "./041-target.md",
        "sourceMd": "./041-source.md"
      },
      {
        "targetMd": "./042-target.md",
        "sourceMd": "./042-source.md"
      },
      {
        "targetMd": "./043-target.md",
        "sourceMd": "./043-source.md"
      },
      {
        "targetMd": "./044-target.md",
        "sourceMd": "./044-source.md"
      },
      {
        "targetMd": "./045-target.md",
        "sourceMd": "./045-source.md"
      },
      {
        "targetMd": "./046-target.md",
        "sourceMd": "./046-source.md"
      },
      {
        "targetMd": "./047-target.md",
        "sourceMd": "./047-source.md"
      },
      {
        "targetMd": "./048-target.md",
        "sourceMd": "./048-source.md"
      },
      {
        "targetMd": "./049-target.md",
        "sourceMd": "./049-source.md"
      },
      {
        "targetMd": "./050-target.md",
        "sourceMd": "./050-source.md"
      }
    ]
  }
}
