{
  "packageName": "Inburgeren Schrijven - Sentences 2",
  "author": "ChatGPT",
  "content": {
    "items" : [
      {
        "targetText" : "Every year I celebrate this holiday.",
        "sourceText" : "Elk jaar vier ik dit feest."
      },
      {
        "targetText" : "This holiday is important for my family.",
        "sourceText" : "Dit feest is belangrijk voor mijn familie."
      },
      {
        "targetText" : "I celebrate because it makes me happy.",
        "sourceText" : "Ik vier het omdat het mij blij maakt."
      },
      {
        "targetText" : "We celebrate at my home.",
        "sourceText" : "We vieren het bij mij thuis."
      },
      {
        "targetText" : "My family and friends come to the party.",
        "sourceText" : "Mijn familie en vrienden komen naar het feest."
      },
      {
        "targetText" : "We eat together and talk.",
        "sourceText" : "We eten samen en praten."
      },
      {
        "targetText" : "I cook traditional food.",
        "sourceText" : "Ik kook traditioneel eten."
      },
      {
        "targetText" : "We decorate the living room.",
        "sourceText" : "We versieren de woonkamer."
      },
      {
        "targetText" : "We listen to music and dance.",
        "sourceText" : "We luisteren naar muziek en dansen."
      },
      {
        "targetText" : "The children play games.",
        "sourceText" : "De kinderen spelen spelletjes."
      },
      {
        "targetText" : "The atmosphere is warm and friendly.",
        "sourceText" : "De sfeer is gezellig en vriendelijk."
      },
      {
        "targetText" : "Usually the party starts at six o'clock.",
        "sourceText" : "Meestal begint het feest om zes uur."
      },
      {
        "targetText" : "At the end we clean up together.",
        "sourceText" : "Aan het einde ruimen we samen op."
      },
      {
        "targetText" : "Dear Farida, I am sending you this email because I want to swap shifts.",
        "sourceText" : "Beste Farida, ik mail je omdat ik graag diensten wil ruilen."
      },
      {
        "targetText" : "I have to work on Sunday, but I would like to have the day off.",
        "sourceText" : "Ik moet op zondag werken, maar ik wil graag vrij zijn."
      },
      {
        "targetText" : "On Sunday I have a family appointment.",
        "sourceText" : "Op zondag heb ik een familieafspraak."
      },
      {
        "targetText" : "Could you work for me on Sunday?",
        "sourceText" : "Kun jij voor mij werken op zondag?"
      },
      {
        "targetText" : "In return I can work for you on Wednesday.",
        "sourceText" : "In ruil daarvoor kan ik voor jou werken op woensdag."
      },
      {
        "targetText" : "I am available on Monday and Wednesday.",
        "sourceText" : "Ik kan op maandag en woensdag."
      },
      {
        "targetText" : "Please let me know if you agree.",
        "sourceText" : "Laat me alsjeblieft weten of je akkoord gaat."
      },
      {
        "targetText" : "If it is not possible, I understand.",
        "sourceText" : "Als het niet kan, begrijp ik dat."
      },
      {
        "targetText" : "Thank you in advance for your help.",
        "sourceText" : "Alvast bedankt voor je hulp."
      },
      {
        "targetText" : "I can also swap next week if that is easier.",
        "sourceText" : "Ik kan ook volgende week ruilen als dat makkelijker is."
      },
      {
        "targetText" : "Could you reply today or tomorrow?",
        "sourceText" : "Kun je vandaag of morgen reageren?"
      },
      {
        "targetText" : "Kind regards,",
        "sourceText" : "Met vriendelijke groet,"
      },
      {
        "targetText" : "[Your name]",
        "sourceText" : "[Jouw naam]"
      },
      {
        "targetText" : "Hi, I need the book 'Physics 1' for my technical course.",
        "sourceText" : "Hoi, ik heb het boek 'Natuurkunde 1' nodig voor mijn opleiding Techniek."
      },
      {
        "targetText" : "I cannot find the book in the library.",
        "sourceText" : "Ik kan het boek niet vinden in de bibliotheek."
      },
      {
        "targetText" : "I heard that you have this book.",
        "sourceText" : "Ik hoorde dat jij dit boek hebt."
      },
      {
        "targetText" : "Could I borrow the book from you?",
        "sourceText" : "Mag ik het boek van jou lenen?"
      },
      {
        "targetText" : "I need it quickly because I have an exam soon.",
        "sourceText" : "Ik heb het snel nodig omdat ik binnenkort een toets heb."
      },
      {
        "targetText" : "I will be careful with the book.",
        "sourceText" : "Ik zal voorzichtig zijn met het boek."
      },
      {
        "targetText" : "I can pick it up tomorrow after class.",
        "sourceText" : "Ik kan het morgen na de les ophalen."
      },
      {
        "targetText" : "If you prefer, I can come by in the evening.",
        "sourceText" : "Als je liever wilt, kan ik 's avonds langskomen."
      },
      {
        "targetText" : "I will return the book next Friday.",
        "sourceText" : "Ik breng het boek volgende vrijdag terug."
      },
      {
        "targetText" : "Thank you very much for lending it to me.",
        "sourceText" : "Heel erg bedankt dat ik het mag lenen."
      },
      {
        "targetText" : "Please tell me what time is convenient for you.",
        "sourceText" : "Laat me weten welke tijd voor jou goed uitkomt."
      },
      {
        "targetText" : "Kind regards, [your name]",
        "sourceText" : "Met vriendelijke groet, [jouw naam]"
      },
      {
        "targetText" : "Dear Mr. Jansen, I would like to request a day off next week.",
        "sourceText" : "Beste meneer Jansen, ik wil graag volgende week een vrije dag aanvragen."
      },
      {
        "targetText" : "I would like to take Friday, 24 January, off.",
        "sourceText" : "Ik wil graag vrijdag 24 januari vrij zijn."
      },
      {
        "targetText" : "That day I have an important appointment.",
        "sourceText" : "Die dag heb ik een belangrijke afspraak."
      },
      {
        "targetText" : "I have a doctor's appointment.",
        "sourceText" : "Ik heb een afspraak bij de dokter."
      },
      {
        "targetText" : "I cannot schedule this appointment outside working hours.",
        "sourceText" : "Ik kan deze afspraak niet buiten werktijd plannen."
      },
      {
        "targetText" : "I will make sure my work is finished on time.",
        "sourceText" : "Ik zorg dat mijn werk op tijd af is."
      },
      {
        "targetText" : "If necessary, I can work extra hours on Thursday.",
        "sourceText" : "Als het nodig is, kan ik op donderdag extra uren werken."
      },
      {
        "targetText" : "Please let me know if you approve.",
        "sourceText" : "Laat u mij alstublieft weten of u akkoord gaat."
      },
      {
        "targetText" : "Thank you for your understanding.",
        "sourceText" : "Bedankt voor uw begrip."
      },
      {
        "targetText" : "Kind regards,",
        "sourceText" : "Met vriendelijke groet,"
      },
      {
        "targetText" : "[Your name]",
        "sourceText" : "[Jouw naam]"
      },
      {
        "targetText" : "I can be reached by phone if you have questions.",
        "sourceText" : "U kunt mij telefonisch bereiken als u vragen heeft."
      }
    ]
  }
}
