{
  "packageName": "Inburgeren Schrijven - Sentences",
  "author": "ChatGPT",
  "content": {
    "items": [
      {"targetText": "My name is ... and I live in ... .", "sourceText": "Ik heet ... en ik woon in ... ."},
      {"targetText": "I am ... years old.", "sourceText": "Ik ben ... jaar oud."},
      {"targetText": "I am married.", "sourceText": "Ik ben getrouwd."},
      {"targetText": "I am not married.", "sourceText": "Ik ben niet getrouwd."},
      {"targetText": "I have two children.", "sourceText": "Ik heb twee kinderen."},

      {"targetText": "I work in a supermarket.", "sourceText": "Ik werk in een supermarkt."},
      {"targetText": "I am looking for a job.", "sourceText": "Ik zoek een baan."},
      {"targetText": "I would like to work more hours.", "sourceText": "Ik wil graag meer uren werken."},
      {"targetText": "I cannot come to work today because I am sick.", "sourceText": "Ik kan vandaag niet naar het werk komen, omdat ik ziek ben."},
      {"targetText": "Could I take a day off next week?", "sourceText": "Mag ik volgende week een dag vrij nemen?"},

      {"targetText": "I am learning Dutch.", "sourceText": "Ik leer Nederlands."},
      {"targetText": "I have Dutch class on Monday and Wednesday.", "sourceText": "Ik heb Nederlandse les op maandag en woensdag."},
      {"targetText": "I want to practice more at home.", "sourceText": "Ik wil thuis meer oefenen."},
      {"targetText": "Can you repeat that, please?", "sourceText": "Kunt u dat herhalen, alstublieft?"},
      {"targetText": "I do not understand this word.", "sourceText": "Ik begrijp dit woord niet."},

      {"targetText": "I would like to make an appointment.", "sourceText": "Ik wil graag een afspraak maken."},
      {"targetText": "Is it possible to come on Tuesday?", "sourceText": "Is het mogelijk om op dinsdag te komen?"},
      {"targetText": "What time is the appointment?", "sourceText": "Hoe laat is de afspraak?"},
      {"targetText": "I am late, I will be there in ten minutes.", "sourceText": "Ik ben te laat, ik ben er over tien minuten."},
      {"targetText": "I have to cancel the appointment.", "sourceText": "Ik moet de afspraak afzeggen."},

      {"targetText": "I have a question about my bill.", "sourceText": "Ik heb een vraag over mijn rekening."},
      {"targetText": "I did not receive the letter.", "sourceText": "Ik heb de brief niet ontvangen."},
      {"targetText": "Can you send the information again?", "sourceText": "Kunt u de informatie nog een keer sturen?"},
      {"targetText": "Thank you for your message.", "sourceText": "Bedankt voor uw bericht."},
      {"targetText": "I look forward to your reply.", "sourceText": "Ik zie uw reactie graag tegemoet."},

      {"targetText": "I would like to register at the municipality.", "sourceText": "Ik wil mij inschrijven bij de gemeente."},
      {"targetText": "I moved to a new address.", "sourceText": "Ik ben verhuisd naar een nieuw adres."},
      {"targetText": "My new address is ... .", "sourceText": "Mijn nieuwe adres is ... ."},
      {"targetText": "I need a proof of registration.", "sourceText": "Ik heb een uittreksel nodig."},
      {"targetText": "What documents do I need?", "sourceText": "Welke documenten heb ik nodig?"},

      {"targetText": "I would like to order a repeat prescription.", "sourceText": "Ik wil graag een herhaalrecept aanvragen."},
      {"targetText": "I have pain in my back.", "sourceText": "Ik heb pijn in mijn rug."},
      {"targetText": "I want to see the doctor.", "sourceText": "Ik wil de huisarts spreken."},
      {"targetText": "I cannot come today, can we choose another date?", "sourceText": "Ik kan vandaag niet komen, kunnen we een andere datum kiezen?"},
      {"targetText": "Thank you for your help.", "sourceText": "Bedankt voor uw hulp."},

      {"targetText": "I have a complaint about the noise.", "sourceText": "Ik heb een klacht over de herrie."},
      {"targetText": "The neighbors play loud music at night.", "sourceText": "De buren draaien 's nachts harde muziek."},
      {"targetText": "Could you please keep it quiet after 10 p.m.?", "sourceText": "Kunt u alstublieft na 22.00 uur rustig zijn?"},
      {"targetText": "I would like to find a solution together.", "sourceText": "Ik wil graag samen een oplossing vinden."},
      {"targetText": "I hope you understand.", "sourceText": "Ik hoop dat u het begrijpt."},

      {"targetText": "I would like to invite you to my birthday.", "sourceText": "Ik wil je graag uitnodigen voor mijn verjaardag."},
      {"targetText": "It is on Saturday at three o'clock.", "sourceText": "Het is op zaterdag om drie uur."},
      {"targetText": "Could you let me know if you can come?", "sourceText": "Laat je weten of je kunt komen?"},
      {"targetText": "I cannot come, but I wish you a nice day.", "sourceText": "Ik kan niet komen, maar ik wens je een fijne dag."},
      {"targetText": "See you soon.", "sourceText": "Tot snel."},

      {"targetText": "I agree with you.", "sourceText": "Ik ben het met je eens."},
      {"targetText": "I do not agree.", "sourceText": "Ik ben het er niet mee eens."},
      {"targetText": "In my opinion this is a good idea.", "sourceText": "Volgens mij is dit een goed idee."},
      {"targetText": "I think it is important to be on time.", "sourceText": "Ik vind het belangrijk om op tijd te zijn."},
      {"targetText": "Could you help me, please?", "sourceText": "Kunt u mij alstublieft helpen?"}
    ]
  }
}
