{
  "packageName": "255 World Flags",
  "author": "Tzu Master (Autogen)",
  "content": {
    "items": [
      {
        "sourceText": "Andorra",
        "targetImage": "png/ad.png"
      },
      {
        "sourceText": "United Arab Emirates",
        "targetImage": "png/ae.png"
      },
      {
        "sourceText": "Afghanistan",
        "targetImage": "png/af.png"
      },
      {
        "sourceText": "Antigua and Barbuda",
        "targetImage": "png/ag.png"
      },
      {
        "sourceText": "Anguilla",
        "targetImage": "png/ai.png"
      },
      {
        "sourceText": "Albania",
        "targetImage": "png/al.png"
      },
      {
        "sourceText": "Armenia",
        "targetImage": "png/am.png"
      },
      {
        "sourceText": "Angola",
        "targetImage": "png/ao.png"
      },
      {
        "sourceText": "Antarctica",
        "targetImage": "png/aq.png"
      },
      {
        "sourceText": "Argentina",
        "targetImage": "png/ar.png"
      },
      {
        "sourceText": "American Samoa",
        "targetImage": "png/as.png"
      },
      {
        "sourceText": "Austria",
        "targetImage": "png/at.png"
      },
      {
        "sourceText": "Australia",
        "targetImage": "png/au.png"
      },
      {
        "sourceText": "Aruba",
        "targetImage": "png/aw.png"
      },
      {
        "sourceText": "Åland Islands",
        "targetImage": "png/ax.png"
      },
      {
        "sourceText": "Azerbaijan",
        "targetImage": "png/az.png"
      },
      {
        "sourceText": "Bosnia and Herzegovina",
        "targetImage": "png/ba.png"
      },
      {
        "sourceText": "Barbados",
        "targetImage": "png/bb.png"
      },
      {
        "sourceText": "Bangladesh",
        "targetImage": "png/bd.png"
      },
      {
        "sourceText": "Belgium",
        "targetImage": "png/be.png"
      },
      {
        "sourceText": "Burkina Faso",
        "targetImage": "png/bf.png"
      },
      {
        "sourceText": "Bulgaria",
        "targetImage": "png/bg.png"
      },
      {
        "sourceText": "Bahrain",
        "targetImage": "png/bh.png"
      },
      {
        "sourceText": "Burundi",
        "targetImage": "png/bi.png"
      },
      {
        "sourceText": "Benin",
        "targetImage": "png/bj.png"
      },
      {
        "sourceText": "Saint Barthélemy",
        "targetImage": "png/bl.png"
      },
      {
        "sourceText": "Bermuda",
        "targetImage": "png/bm.png"
      },
      {
        "sourceText": "Brunei Darussalam",
        "targetImage": "png/bn.png"
      },
      {
        "sourceText": "Bolivia, Plurinational State of",
        "targetImage": "png/bo.png"
      },
      {
        "sourceText": "Caribbean Netherlands",
        "targetImage": "png/bq.png"
      },
      {
        "sourceText": "Brazil",
        "targetImage": "png/br.png"
      },
      {
        "sourceText": "Bahamas",
        "targetImage": "png/bs.png"
      },
      {
        "sourceText": "Bhutan",
        "targetImage": "png/bt.png"
      },
      {
        "sourceText": "Bouvet Island",
        "targetImage": "png/bv.png"
      },
      {
        "sourceText": "Botswana",
        "targetImage": "png/bw.png"
      },
      {
        "sourceText": "Belarus",
        "targetImage": "png/by.png"
      },
      {
        "sourceText": "Belize",
        "targetImage": "png/bz.png"
      },
      {
        "sourceText": "Canada",
        "targetImage": "png/ca.png"
      },
      {
        "sourceText": "Cocos (Keeling) Islands",
        "targetImage": "png/cc.png"
      },
      {
        "sourceText": "Congo, the Democratic Republic of the",
        "targetImage": "png/cd.png"
      },
      {
        "sourceText": "Central African Republic",
        "targetImage": "png/cf.png"
      },
      {
        "sourceText": "Republic of the Congo",
        "targetImage": "png/cg.png"
      },
      {
        "sourceText": "Switzerland",
        "targetImage": "png/ch.png"
      },
      {
        "sourceText": "Côte d'Ivoire",
        "targetImage": "png/ci.png"
      },
      {
        "sourceText": "Cook Islands",
        "targetImage": "png/ck.png"
      },
      {
        "sourceText": "Chile",
        "targetImage": "png/cl.png"
      },
      {
        "sourceText": "Cameroon",
        "targetImage": "png/cm.png"
      },
      {
        "sourceText": "China (People's Republic of China)",
        "targetImage": "png/cn.png"
      },
      {
        "sourceText": "Colombia",
        "targetImage": "png/co.png"
      },
      {
        "sourceText": "Costa Rica",
        "targetImage": "png/cr.png"
      },
      {
        "sourceText": "Cuba",
        "targetImage": "png/cu.png"
      },
      {
        "sourceText": "Cape Verde",
        "targetImage": "png/cv.png"
      },
      {
        "sourceText": "Curaçao",
        "targetImage": "png/cw.png"
      },
      {
        "sourceText": "Christmas Island",
        "targetImage": "png/cx.png"
      },
      {
        "sourceText": "Cyprus",
        "targetImage": "png/cy.png"
      },
      {
        "sourceText": "Czech Republic",
        "targetImage": "png/cz.png"
      },
      {
        "sourceText": "Germany",
        "targetImage": "png/de.png"
      },
      {
        "sourceText": "Djibouti",
        "targetImage": "png/dj.png"
      },
      {
        "sourceText": "Denmark",
        "targetImage": "png/dk.png"
      },
      {
        "sourceText": "Dominica",
        "targetImage": "png/dm.png"
      },
      {
        "sourceText": "Dominican Republic",
        "targetImage": "png/do.png"
      },
      {
        "sourceText": "Algeria",
        "targetImage": "png/dz.png"
      },
      {
        "sourceText": "Ecuador",
        "targetImage": "png/ec.png"
      },
      {
        "sourceText": "Estonia",
        "targetImage": "png/ee.png"
      },
      {
        "sourceText": "Egypt",
        "targetImage": "png/eg.png"
      },
      {
        "sourceText": "Western Sahara",
        "targetImage": "png/eh.png"
      },
      {
        "sourceText": "Eritrea",
        "targetImage": "png/er.png"
      },
      {
        "sourceText": "Spain",
        "targetImage": "png/es.png"
      },
      {
        "sourceText": "Ethiopia",
        "targetImage": "png/et.png"
      },
      {
        "sourceText": "Europe",
        "targetImage": "png/eu.png"
      },
      {
        "sourceText": "Finland",
        "targetImage": "png/fi.png"
      },
      {
        "sourceText": "Fiji",
        "targetImage": "png/fj.png"
      },
      {
        "sourceText": "Falkland Islands (Malvinas)",
        "targetImage": "png/fk.png"
      },
      {
        "sourceText": "Micronesia, Federated States of",
        "targetImage": "png/fm.png"
      },
      {
        "sourceText": "Faroe Islands",
        "targetImage": "png/fo.png"
      },
      {
        "sourceText": "France",
        "targetImage": "png/fr.png"
      },
      {
        "sourceText": "Gabon",
        "targetImage": "png/ga.png"
      },
      {
        "sourceText": "England",
        "targetImage": "png/gb-eng.png"
      },
      {
        "sourceText": "Northern Ireland",
        "targetImage": "png/gb-nir.png"
      },
      {
        "sourceText": "Scotland",
        "targetImage": "png/gb-sct.png"
      },
      {
        "sourceText": "Wales",
        "targetImage": "png/gb-wls.png"
      },
      {
        "sourceText": "United Kingdom",
        "targetImage": "png/gb.png"
      },
      {
        "sourceText": "Grenada",
        "targetImage": "png/gd.png"
      },
      {
        "sourceText": "Georgia",
        "targetImage": "png/ge.png"
      },
      {
        "sourceText": "French Guiana",
        "targetImage": "png/gf.png"
      },
      {
        "sourceText": "Guernsey",
        "targetImage": "png/gg.png"
      },
      {
        "sourceText": "Ghana",
        "targetImage": "png/gh.png"
      },
      {
        "sourceText": "Gibraltar",
        "targetImage": "png/gi.png"
      },
      {
        "sourceText": "Greenland",
        "targetImage": "png/gl.png"
      },
      {
        "sourceText": "Gambia",
        "targetImage": "png/gm.png"
      },
      {
        "sourceText": "Guinea",
        "targetImage": "png/gn.png"
      },
      {
        "sourceText": "Guadeloupe",
        "targetImage": "png/gp.png"
      },
      {
        "sourceText": "Equatorial Guinea",
        "targetImage": "png/gq.png"
      },
      {
        "sourceText": "Greece",
        "targetImage": "png/gr.png"
      },
      {
        "sourceText": "South Georgia and the South Sandwich Islands",
        "targetImage": "png/gs.png"
      },
      {
        "sourceText": "Guatemala",
        "targetImage": "png/gt.png"
      },
      {
        "sourceText": "Guam",
        "targetImage": "png/gu.png"
      },
      {
        "sourceText": "Guinea-Bissau",
        "targetImage": "png/gw.png"
      },
      {
        "sourceText": "Guyana",
        "targetImage": "png/gy.png"
      },
      {
        "sourceText": "Hong Kong",
        "targetImage": "png/hk.png"
      },
      {
        "sourceText": "Heard Island and McDonald Islands",
        "targetImage": "png/hm.png"
      },
      {
        "sourceText": "Honduras",
        "targetImage": "png/hn.png"
      },
      {
        "sourceText": "Croatia",
        "targetImage": "png/hr.png"
      },
      {
        "sourceText": "Haiti",
        "targetImage": "png/ht.png"
      },
      {
        "sourceText": "Hungary",
        "targetImage": "png/hu.png"
      },
      {
        "sourceText": "Indonesia",
        "targetImage": "png/id.png"
      },
      {
        "sourceText": "Ireland",
        "targetImage": "png/ie.png"
      },
      {
        "sourceText": "Israel",
        "targetImage": "png/il.png"
      },
      {
        "sourceText": "Isle of Man",
        "targetImage": "png/im.png"
      },
      {
        "sourceText": "India",
        "targetImage": "png/in.png"
      },
      {
        "sourceText": "British Indian Ocean Territory",
        "targetImage": "png/io.png"
      },
      {
        "sourceText": "Iraq",
        "targetImage": "png/iq.png"
      },
      {
        "sourceText": "Iran, Islamic Republic of",
        "targetImage": "png/ir.png"
      },
      {
        "sourceText": "Iceland",
        "targetImage": "png/is.png"
      },
      {
        "sourceText": "Italy",
        "targetImage": "png/it.png"
      },
      {
        "sourceText": "Jersey",
        "targetImage": "png/je.png"
      },
      {
        "sourceText": "Jamaica",
        "targetImage": "png/jm.png"
      },
      {
        "sourceText": "Jordan",
        "targetImage": "png/jo.png"
      },
      {
        "sourceText": "Japan",
        "targetImage": "png/jp.png"
      },
      {
        "sourceText": "Kenya",
        "targetImage": "png/ke.png"
      },
      {
        "sourceText": "Kyrgyzstan",
        "targetImage": "png/kg.png"
      },
      {
        "sourceText": "Cambodia",
        "targetImage": "png/kh.png"
      },
      {
        "sourceText": "Kiribati",
        "targetImage": "png/ki.png"
      },
      {
        "sourceText": "Comoros",
        "targetImage": "png/km.png"
      },
      {
        "sourceText": "Saint Kitts and Nevis",
        "targetImage": "png/kn.png"
      },
      {
        "sourceText": "Korea, Democratic People's Republic of",
        "targetImage": "png/kp.png"
      },
      {
        "sourceText": "Korea, Republic of",
        "targetImage": "png/kr.png"
      },
      {
        "sourceText": "Kuwait",
        "targetImage": "png/kw.png"
      },
      {
        "sourceText": "Cayman Islands",
        "targetImage": "png/ky.png"
      },
      {
        "sourceText": "Kazakhstan",
        "targetImage": "png/kz.png"
      },
      {
        "sourceText": "Laos (Lao People's Democratic Republic)",
        "targetImage": "png/la.png"
      },
      {
        "sourceText": "Lebanon",
        "targetImage": "png/lb.png"
      },
      {
        "sourceText": "Saint Lucia",
        "targetImage": "png/lc.png"
      },
      {
        "sourceText": "Liechtenstein",
        "targetImage": "png/li.png"
      },
      {
        "sourceText": "Sri Lanka",
        "targetImage": "png/lk.png"
      },
      {
        "sourceText": "Liberia",
        "targetImage": "png/lr.png"
      },
      {
        "sourceText": "Lesotho",
        "targetImage": "png/ls.png"
      },
      {
        "sourceText": "Lithuania",
        "targetImage": "png/lt.png"
      },
      {
        "sourceText": "Luxembourg",
        "targetImage": "png/lu.png"
      },
      {
        "sourceText": "Latvia",
        "targetImage": "png/lv.png"
      },
      {
        "sourceText": "Libya",
        "targetImage": "png/ly.png"
      },
      {
        "sourceText": "Morocco",
        "targetImage": "png/ma.png"
      },
      {
        "sourceText": "Monaco",
        "targetImage": "png/mc.png"
      },
      {
        "sourceText": "Moldova, Republic of",
        "targetImage": "png/md.png"
      },
      {
        "sourceText": "Montenegro",
        "targetImage": "png/me.png"
      },
      {
        "sourceText": "Saint Martin",
        "targetImage": "png/mf.png"
      },
      {
        "sourceText": "Madagascar",
        "targetImage": "png/mg.png"
      },
      {
        "sourceText": "Marshall Islands",
        "targetImage": "png/mh.png"
      },
      {
        "sourceText": "North Macedonia",
        "targetImage": "png/mk.png"
      },
      {
        "sourceText": "Mali",
        "targetImage": "png/ml.png"
      },
      {
        "sourceText": "Myanmar",
        "targetImage": "png/mm.png"
      },
      {
        "sourceText": "Mongolia",
        "targetImage": "png/mn.png"
      },
      {
        "sourceText": "Macao",
        "targetImage": "png/mo.png"
      },
      {
        "sourceText": "Northern Mariana Islands",
        "targetImage": "png/mp.png"
      },
      {
        "sourceText": "Martinique",
        "targetImage": "png/mq.png"
      },
      {
        "sourceText": "Mauritania",
        "targetImage": "png/mr.png"
      },
      {
        "sourceText": "Montserrat",
        "targetImage": "png/ms.png"
      },
      {
        "sourceText": "Malta",
        "targetImage": "png/mt.png"
      },
      {
        "sourceText": "Mauritius",
        "targetImage": "png/mu.png"
      },
      {
        "sourceText": "Maldives",
        "targetImage": "png/mv.png"
      },
      {
        "sourceText": "Malawi",
        "targetImage": "png/mw.png"
      },
      {
        "sourceText": "Mexico",
        "targetImage": "png/mx.png"
      },
      {
        "sourceText": "Malaysia",
        "targetImage": "png/my.png"
      },
      {
        "sourceText": "Mozambique",
        "targetImage": "png/mz.png"
      },
      {
        "sourceText": "Namibia",
        "targetImage": "png/na.png"
      },
      {
        "sourceText": "New Caledonia",
        "targetImage": "png/nc.png"
      },
      {
        "sourceText": "Niger",
        "targetImage": "png/ne.png"
      },
      {
        "sourceText": "Norfolk Island",
        "targetImage": "png/nf.png"
      },
      {
        "sourceText": "Nigeria",
        "targetImage": "png/ng.png"
      },
      {
        "sourceText": "Nicaragua",
        "targetImage": "png/ni.png"
      },
      {
        "sourceText": "Netherlands",
        "targetImage": "png/nl.png"
      },
      {
        "sourceText": "Norway",
        "targetImage": "png/no.png"
      },
      {
        "sourceText": "Nepal",
        "targetImage": "png/np.png"
      },
      {
        "sourceText": "Nauru",
        "targetImage": "png/nr.png"
      },
      {
        "sourceText": "Niue",
        "targetImage": "png/nu.png"
      },
      {
        "sourceText": "New Zealand",
        "targetImage": "png/nz.png"
      },
      {
        "sourceText": "Oman",
        "targetImage": "png/om.png"
      },
      {
        "sourceText": "Panama",
        "targetImage": "png/pa.png"
      },
      {
        "sourceText": "Peru",
        "targetImage": "png/pe.png"
      },
      {
        "sourceText": "French Polynesia",
        "targetImage": "png/pf.png"
      },
      {
        "sourceText": "Papua New Guinea",
        "targetImage": "png/pg.png"
      },
      {
        "sourceText": "Philippines",
        "targetImage": "png/ph.png"
      },
      {
        "sourceText": "Pakistan",
        "targetImage": "png/pk.png"
      },
      {
        "sourceText": "Poland",
        "targetImage": "png/pl.png"
      },
      {
        "sourceText": "Saint Pierre and Miquelon",
        "targetImage": "png/pm.png"
      },
      {
        "sourceText": "Pitcairn",
        "targetImage": "png/pn.png"
      },
      {
        "sourceText": "Puerto Rico",
        "targetImage": "png/pr.png"
      },
      {
        "sourceText": "Palestine",
        "targetImage": "png/ps.png"
      },
      {
        "sourceText": "Portugal",
        "targetImage": "png/pt.png"
      },
      {
        "sourceText": "Palau",
        "targetImage": "png/pw.png"
      },
      {
        "sourceText": "Paraguay",
        "targetImage": "png/py.png"
      },
      {
        "sourceText": "Qatar",
        "targetImage": "png/qa.png"
      },
      {
        "sourceText": "Réunion",
        "targetImage": "png/re.png"
      },
      {
        "sourceText": "Romania",
        "targetImage": "png/ro.png"
      },
      {
        "sourceText": "Serbia",
        "targetImage": "png/rs.png"
      },
      {
        "sourceText": "Russian Federation",
        "targetImage": "png/ru.png"
      },
      {
        "sourceText": "Rwanda",
        "targetImage": "png/rw.png"
      },
      {
        "sourceText": "Saudi Arabia",
        "targetImage": "png/sa.png"
      },
      {
        "sourceText": "Solomon Islands",
        "targetImage": "png/sb.png"
      },
      {
        "sourceText": "Seychelles",
        "targetImage": "png/sc.png"
      },
      {
        "sourceText": "Sudan",
        "targetImage": "png/sd.png"
      },
      {
        "sourceText": "Sweden",
        "targetImage": "png/se.png"
      },
      {
        "sourceText": "Singapore",
        "targetImage": "png/sg.png"
      },
      {
        "sourceText": "Saint Helena, Ascension and Tristan da Cunha",
        "targetImage": "png/sh.png"
      },
      {
        "sourceText": "Slovenia",
        "targetImage": "png/si.png"
      },
      {
        "sourceText": "Svalbard and Jan Mayen Islands",
        "targetImage": "png/sj.png"
      },
      {
        "sourceText": "Slovakia",
        "targetImage": "png/sk.png"
      },
      {
        "sourceText": "Sierra Leone",
        "targetImage": "png/sl.png"
      },
      {
        "sourceText": "San Marino",
        "targetImage": "png/sm.png"
      },
      {
        "sourceText": "Senegal",
        "targetImage": "png/sn.png"
      },
      {
        "sourceText": "Somalia",
        "targetImage": "png/so.png"
      },
      {
        "sourceText": "Suriname",
        "targetImage": "png/sr.png"
      },
      {
        "sourceText": "South Sudan",
        "targetImage": "png/ss.png"
      },
      {
        "sourceText": "Sao Tome and Principe",
        "targetImage": "png/st.png"
      },
      {
        "sourceText": "El Salvador",
        "targetImage": "png/sv.png"
      },
      {
        "sourceText": "Sint Maarten (Dutch part)",
        "targetImage": "png/sx.png"
      },
      {
        "sourceText": "Syrian Arab Republic",
        "targetImage": "png/sy.png"
      },
      {
        "sourceText": "Kingdom of Eswatini",
        "targetImage": "png/sz.png"
      },
      {
        "sourceText": "Turks and Caicos Islands",
        "targetImage": "png/tc.png"
      },
      {
        "sourceText": "Chad",
        "targetImage": "png/td.png"
      },
      {
        "sourceText": "French Southern Territories",
        "targetImage": "png/tf.png"
      },
      {
        "sourceText": "Togo",
        "targetImage": "png/tg.png"
      },
      {
        "sourceText": "Thailand",
        "targetImage": "png/th.png"
      },
      {
        "sourceText": "Tajikistan",
        "targetImage": "png/tj.png"
      },
      {
        "sourceText": "Tokelau",
        "targetImage": "png/tk.png"
      },
      {
        "sourceText": "Timor-Leste",
        "targetImage": "png/tl.png"
      },
      {
        "sourceText": "Turkmenistan",
        "targetImage": "png/tm.png"
      },
      {
        "sourceText": "Tunisia",
        "targetImage": "png/tn.png"
      },
      {
        "sourceText": "Tonga",
        "targetImage": "png/to.png"
      },
      {
        "sourceText": "Republic of Türkiye",
        "targetImage": "png/tr.png"
      },
      {
        "sourceText": "Trinidad and Tobago",
        "targetImage": "png/tt.png"
      },
      {
        "sourceText": "Tuvalu",
        "targetImage": "png/tv.png"
      },
      {
        "sourceText": "Taiwan (Republic of China)",
        "targetImage": "png/tw.png"
      },
      {
        "sourceText": "Tanzania, United Republic of",
        "targetImage": "png/tz.png"
      },
      {
        "sourceText": "Ukraine",
        "targetImage": "png/ua.png"
      },
      {
        "sourceText": "Uganda",
        "targetImage": "png/ug.png"
      },
      {
        "sourceText": "US Minor Outlying Islands",
        "targetImage": "png/um.png"
      },
      {
        "sourceText": "United States",
        "targetImage": "png/us.png"
      },
      {
        "sourceText": "Uruguay",
        "targetImage": "png/uy.png"
      },
      {
        "sourceText": "Uzbekistan",
        "targetImage": "png/uz.png"
      },
      {
        "sourceText": "Holy See (Vatican City State)",
        "targetImage": "png/va.png"
      },
      {
        "sourceText": "Saint Vincent and the Grenadines",
        "targetImage": "png/vc.png"
      },
      {
        "sourceText": "Venezuela, Bolivarian Republic of",
        "targetImage": "png/ve.png"
      },
      {
        "sourceText": "Virgin Islands, British",
        "targetImage": "png/vg.png"
      },
      {
        "sourceText": "Virgin Islands, U.S.",
        "targetImage": "png/vi.png"
      },
      {
        "sourceText": "Vietnam",
        "targetImage": "png/vn.png"
      },
      {
        "sourceText": "Vanuatu",
        "targetImage": "png/vu.png"
      },
      {
        "sourceText": "Wallis and Futuna Islands",
        "targetImage": "png/wf.png"
      },
      {
        "sourceText": "Samoa",
        "targetImage": "png/ws.png"
      },
      {
        "sourceText": "Kosovo",
        "targetImage": "png/xk.png"
      },
      {
        "sourceText": "Yemen",
        "targetImage": "png/ye.png"
      },
      {
        "sourceText": "Mayotte",
        "targetImage": "png/yt.png"
      },
      {
        "sourceText": "South Africa",
        "targetImage": "png/za.png"
      },
      {
        "sourceText": "Zambia",
        "targetImage": "png/zm.png"
      },
      {
        "sourceText": "Zimbabwe",
        "targetImage": "png/zw.png"
      }
    ]
  }
}
