{
  "packageName": "Dutch B1 – Practical Daily Phrases",
  "author": "Tzu Master (OpenAI)",
  "content": {
    "items": [
      { "targetText": "een aanvraag doen", "sourceText": "to submit an application" },
      { "targetText": "informatie aanvragen", "sourceText": "to request information" },
      { "targetText": "een afspraak verzetten", "sourceText": "to reschedule an appointment" },
      { "targetText": "een formulier aanvragen", "sourceText": "to request a form" },
      { "targetText": "een probleem oplossen", "sourceText": "to solve a problem" },
      { "targetText": "een voorstel doen", "sourceText": "to make a proposal" },
      { "targetText": "een gesprek voeren", "sourceText": "to have a conversation" },
      { "targetText": "iets controleren", "sourceText": "to check something" },
      { "targetText": "een keuze maken", "sourceText": "to make a choice" },
      { "targetText": "de situatie uitleggen", "sourceText": "to explain the situation" },
      { "targetText": "een document meenemen", "sourceText": "to bring a document" },
      { "targetText": "iets bespreken", "sourceText": "to discuss something" },
      { "targetText": "een taak afronden", "sourceText": "to finish a task" },
      { "targetText": "een melding doen", "sourceText": "to make a report" },
      { "targetText": "een afspraak plannen", "sourceText": "to schedule an appointment" },
      { "targetText": "een klacht bespreken", "sourceText": "to discuss a complaint" },
      { "targetText": "iets verbeteren", "sourceText": "to improve something" },
      { "targetText": "informatie bewaren", "sourceText": "to store information" },
      { "targetText": "iets opzoeken", "sourceText": "to look something up" },
      { "targetText": "iemand informeren", "sourceText": "to inform someone" },
      { "targetText": "een beslissing uitleggen", "sourceText": "to explain a decision" },
      { "targetText": "een afspraak maken bij", "sourceText": "to make an appointment with" },
      { "targetText": "een uitnodiging accepteren", "sourceText": "to accept an invitation" },
      { "targetText": "een uitnodiging weigeren", "sourceText": "to decline an invitation" },
      { "targetText": "een planning maken", "sourceText": "to create a schedule" },
      { "targetText": "een fout herstellen", "sourceText": "to correct a mistake" },
      { "targetText": "een aanvraag controleren", "sourceText": "to check an application" },
      { "targetText": "iemand adviseren", "sourceText": "to advise someone" },
      { "targetText": "een optie bespreken", "sourceText": "to discuss an option" },
      { "targetText": "een verzoek indienen", "sourceText": "to submit a request" }
    ]
  }
}
