{
  "packageName": "Inburgeren KNM",
  "author": "ChatGPT",
  "content": {
    "items": [
      {"targetText": "Wat moet je altijd bij je hebben als je de straat op gaat?", "sourceText": "Een geldig identiteitsbewijs (ID-kaart, paspoort of verblijfsdocument)."},
      {"targetText": "Waar kun je een nieuw paspoort of ID-kaart aanvragen?", "sourceText": "Bij de gemeente (gemeentehuis) waar je woont."},
      {"targetText": "Wat moet je doen als je verhuist naar een ander adres?", "sourceText": "Je verhuizing op tijd doorgeven aan de gemeente."},
      {"targetText": "Wat is de taak van de gemeente? Noem één voorbeeld.", "sourceText": "De gemeente regelt lokale zaken, zoals afval, paspoorten, inschrijving en vergunningen."},
      {"targetText": "Waar kun je hulp vragen als je een brief van de overheid niet begrijpt?", "sourceText": "Bij het Informatiepunt Digitale Overheid in de bibliotheek, bij de gemeente of bij een taalcoach/hulpverlener."},

      {"targetText": "Wat is DigiD?", "sourceText": "Een digitale inlog waarmee je veilig zaken regelt met de overheid (zoals toeslagen of gemeentezaken)."},
      {"targetText": "Waarvoor gebruik je de Belastingdienst?", "sourceText": "Voor belastingaangifte en voor toeslagen (zoals zorgtoeslag en huurtoeslag)."},
      {"targetText": "Wat zijn toeslagen?", "sourceText": "Geld van de overheid als bijdrage voor kosten, bijvoorbeeld zorg, huur of kinderopvang."},
      {"targetText": "Wat moet je doen als je inkomen verandert en je krijgt toeslag?", "sourceText": "De verandering doorgeven, zodat je niet te veel of te weinig toeslag krijgt."},
      {"targetText": "Wat kan er gebeuren als je te veel toeslag ontvangt?", "sourceText": "Dan moet je het later terugbetalen aan de Belastingdienst."},

      {"targetText": "Wat is een huisarts?", "sourceText": "De eerste dokter waar je naartoe gaat bij gezondheidsklachten; hij kan je doorverwijzen."},
      {"targetText": "Wanneer ga je naar de huisartsenpost?", "sourceText": "Buiten kantooruren bij spoedeisende klachten die niet kunnen wachten tot de huisarts open is."},
      {"targetText": "Wat doe je bij een levensbedreigende noodsituatie?", "sourceText": "112 bellen."},
      {"targetText": "Is een zorgverzekering in Nederland verplicht?", "sourceText": "Ja, iedereen die in Nederland woont of werkt moet een basiszorgverzekering hebben."},
      {"targetText": "Wat is eigen risico bij de zorgverzekering?", "sourceText": "Het bedrag dat je vaak eerst zelf betaalt voor bepaalde zorg (behalve o.a. huisartsenzorg)."},

      {"targetText": "Wat is een schoolplicht?", "sourceText": "Kinderen moeten naar school; meestal van 5 tot 16 jaar (leerplicht)."},
      {"targetText": "Wat is kinderopvangtoeslag?", "sourceText": "Een toeslag die helpt betalen voor kinderopvang als je aan de voorwaarden voldoet."},
      {"targetText": "Wat is het verschil tussen basisschool en middelbare school?", "sourceText": "Basisschool is voor jonge kinderen (groepen 1-8); middelbare school is daarna (voortgezet onderwijs)."},
      {"targetText": "Wat kun je doen als je kind ziek is en niet naar school kan?", "sourceText": "De school zo snel mogelijk informeren."},
      {"targetText": "Wat betekent ‘ouderavond’ op school?", "sourceText": "Een bijeenkomst waar ouders informatie krijgen en met leraren praten over school en leerlingen."},

      {"targetText": "Wat staat er in een huurcontract? Noem één voorbeeld.", "sourceText": "Afspraken over huurprijs, ingangsdatum, opzegtermijn en rechten/plichten."},
      {"targetText": "Wat is huurtoeslag?", "sourceText": "Een bijdrage van de overheid om de huur te helpen betalen, als je voldoet aan de voorwaarden."},
      {"targetText": "Wat is het verschil tussen sociale huur en vrije sector?", "sourceText": "Sociale huur heeft lagere huur en regels/inkomensgrenzen; vrije sector is meestal duurder en minder gereguleerd."},
      {"targetText": "Wat moet je doen als je je huur niet kunt betalen?", "sourceText": "Direct contact opnemen met de verhuurder en hulp zoeken (bijv. schuldhulpverlening van de gemeente)."},
      {"targetText": "Wat is een energiecontract?", "sourceText": "Een contract voor gas en/of elektriciteit met een energieleverancier."},

      {"targetText": "Wat betekent ‘gelijke behandeling’ in Nederland?", "sourceText": "Iedereen moet gelijk worden behandeld; discriminatie is verboden."},
      {"targetText": "Is discriminatie strafbaar?", "sourceText": "Ja, discriminatie is verboden en kan strafbaar zijn."},
      {"targetText": "Wat is vrijheid van meningsuiting?", "sourceText": "Je mag je mening geven, maar je moet je aan de wet houden en anderen niet bedreigen of discrimineren."},
      {"targetText": "Wat is vrijheid van godsdienst?", "sourceText": "Je mag een geloof hebben (of geen) en dat uiten, binnen de grenzen van de wet."},
      {"targetText": "Mag je in Nederland trouwen met wie je wilt?", "sourceText": "Ja, je kiest zelf je partner; een huwelijk mag niet onder dwang."},

      {"targetText": "Wat is de rol van de politie?", "sourceText": "Zorgen voor veiligheid en handhaven van de wet."},
      {"targetText": "Wat is de rol van de rechter?", "sourceText": "De rechter beslist onafhankelijk bij conflicten en strafzaken volgens de wet."},
      {"targetText": "Wat is de Eerste Kamer en Tweede Kamer?", "sourceText": "Twee delen van het parlement; de Tweede Kamer maakt/controleert beleid, de Eerste Kamer controleert wetten."},
      {"targetText": "Wat betekent ‘democratie’?", "sourceText": "Het volk kiest vertegenwoordigers; burgers kunnen stemmen en meebeslissen via verkiezingen."},
      {"targetText": "Vanaf welke leeftijd mag je stemmen voor de Tweede Kamer?", "sourceText": "Vanaf 18 jaar."},

      {"targetText": "Wat zijn ‘verkiezingen’?", "sourceText": "Burgers kiezen vertegenwoordigers, bijvoorbeeld voor de gemeenteraad of Tweede Kamer."},
      {"targetText": "Wat is een stempas?", "sourceText": "Een kaart die je nodig hebt om te stemmen; je krijgt die thuis."},
      {"targetText": "Waar moet je op letten als je een e-mail of sms krijgt die om DigiD-gegevens vraagt?", "sourceText": "Nooit je DigiD-wachtwoord delen; dit kan phishing zijn. Controleer officiële kanalen."},
      {"targetText": "Wat is het Burgerlijk Wetboek/een wet in het algemeen?", "sourceText": "Regels die in Nederland gelden; iedereen moet zich eraan houden."},
      {"targetText": "Wat betekent ‘grondwet’?", "sourceText": "De belangrijkste basisregels van Nederland, met rechten en plichten."},

      {"targetText": "Wat is een arbeidsovereenkomst?", "sourceText": "Een contract met afspraken over werk, salaris, uren en rechten/plichten."},
      {"targetText": "Wat betekent ‘minimumloon’?", "sourceText": "Het laagste loon dat een werkgever wettelijk moet betalen."},
      {"targetText": "Wat is een CAO?", "sourceText": "Collectieve arbeidsovereenkomst: afspraken over arbeidsvoorwaarden voor een sector/bedrijf."},
      {"targetText": "Wat doe je als je ziek bent en niet kunt werken?", "sourceText": "Je meldt je ziek volgens de regels van je werkgever en blijft in contact over herstel/re-integratie."},
      {"targetText": "Wat is een uitkering?", "sourceText": "Inkomen van de overheid als je (tijdelijk) geen of te weinig inkomen hebt en aan voorwaarden voldoet."},

      {"targetText": "Wat is het UWV?", "sourceText": "Een organisatie die regelingen uitvoert, bijvoorbeeld voor werkloosheid (WW) en arbeidsongeschiktheid."},
      {"targetText": "Waar kun je hulp krijgen bij het zoeken naar werk?", "sourceText": "Bij het UWV, de gemeente, een re-integratiecoach of een uitzendbureau."},
      {"targetText": "Wat is het belang van op tijd komen in Nederland (werk/afspraak)?", "sourceText": "Punctualiteit wordt belangrijk gevonden; bij te laat zijn bel je of stuur je een bericht."},
      {"targetText": "Wat betekent ‘afspraak is afspraak’?", "sourceText": "Je houdt je aan gemaakte afspraken en zegt op tijd af als het niet lukt."},
      {"targetText": "Wat kun je doen als je schulden hebt?", "sourceText": "Contact opnemen met de gemeente voor schuldhulpverlening en betalingsregelingen treffen."},

      {"targetText": "Wat is een zorgtoeslag?", "sourceText": "Een toeslag om de kosten van je zorgverzekering te helpen betalen."},
      {"targetText": "Wat is het verschil tussen 112 en 0900-8844?", "sourceText": "112 is voor spoed; 0900-8844 is politie voor geen spoed (of online melding)."},
      {"targetText": "Wat betekent ‘mantelzorg’?", "sourceText": "Zorg die je geeft aan iemand in je omgeving (familie/vrienden) die hulp nodig heeft."},
      {"targetText": "Wat is de bibliotheek (bibliotheekpas) handig voor?", "sourceText": "Boeken lenen, studeren, internet gebruiken en vaak gratis hulp bij digitale overheid."},
      {"targetText": "Welke organisatie komt op voor kinderen als er problemen zijn thuis?", "sourceText": "Veilig Thuis kan helpen bij huiselijk geweld/kindermishandeling; ook school/jeugdteam kan signaleren."}
    ]
  }
}
