{
  "packageName": "Inburgeren Lezen",
  "author": "Tzu Master (Cascade)",
  "content": {
    "items": [
      {"targetText": "I work at the hospital", "sourceText": "Ik werk in het ziekenhuis"},
      {"targetText": "The train departs at 8:00", "sourceText": "De trein vertrekt om 8 uur"},
      {"targetText": "Where is the supermarket?", "sourceText": "Waar is de supermarkt?"},
      {"targetText": "I need a doctor", "sourceText": "Ik heb een dokter nodig"},
      {"targetText": "What time is it?", "sourceText": "Hoe laat is het?"},
      {"targetText": "My name is...", "sourceText": "Mijn naam is..."},
      {"targetText": "I live in Amsterdam", "sourceText": "Ik woon in Amsterdam"},
      {"targetText": "How much does it cost?", "sourceText": "Hoeveel kost het?"},
      {"targetText": "I don't understand", "sourceText": "Ik begrijp het niet"},
      {"targetText": "Can you help me?", "sourceText": "Kunt u mij helpen?"},
      {"targetText": "Where is the station?", "sourceText": "Waar is het station?"},
      {"targetText": "I have an appointment", "sourceText": "Ik heb een afspraak"},
      {"targetText": "What is your name?", "sourceText": "Hoe heet u?"},
      {"targetText": "I'm learning Dutch", "sourceText": "Ik leer Nederlands"},
      {"targetText": "Where are you from?", "sourceText": "Waar komt u vandaan?"},
      {"targetText": "I need help", "sourceText": "Ik heb hulp nodig"},
      {"targetText": "The weather is nice", "sourceText": "Het is mooi weer"},
      {"targetText": "I'm looking for...", "sourceText": "Ik zoek naar..."},
      {"targetText": "How are you?", "sourceText": "Hoe gaat het?"},
      {"targetText": "I don't know", "sourceText": "Ik weet het niet"},
      {"targetText": "What is this?", "sourceText": "Wat is dit?"},
      {"targetText": "I'm sorry", "sourceText": "Het spijt me"},
      {"targetText": "Do you speak English?", "sourceText": "Spreekt u Engels?"},
      {"targetText": "I'm hungry", "sourceText": "Ik heb honger"},
      {"targetText": "Where is the toilet?", "sourceText": "Waar is het toilet?"},
      {"targetText": "I don't have money", "sourceText": "Ik heb geen geld"},
      {"targetText": "Call the police", "sourceText": "Bel de politie"},
      {"targetText": "I'm lost", "sourceText": "Ik ben verdwaald"},
      {"targetText": "What's your phone number?", "sourceText": "Wat is uw telefoonnummer?"},
      {"targetText": "I don't feel well", "sourceText": "Ik voel me niet goed"},
      {"targetText": "Where do you live?", "sourceText": "Waar woont u?"},
      {"targetText": "I need a ticket", "sourceText": "Ik heb een kaartje nodig"},
      {"targetText": "What time does it close?", "sourceText": "Hoe laat gaat het dicht?"},
      {"targetText": "I'm thirsty", "sourceText": "Ik heb dorst"},
      {"targetText": "Where is the bank?", "sourceText": "Waar is de bank?"},
      {"targetText": "I'm cold", "sourceText": "Ik heb het koud"},
      {"targetText": "How do I get there?", "sourceText": "Hoe kom ik daar?"},
      {"targetText": "I'm hot", "sourceText": "Ik heb het warm"},
      {"targetText": "What's the address?", "sourceText": "Wat is het adres?"},
      {"targetText": "I'm tired", "sourceText": "Ik ben moe"},
      {"targetText": "Where is the museum?", "sourceText": "Waar is het museum?"},
      {"targetText": "I'm happy", "sourceText": "Ik ben blij"},
      {"targetText": "What's the date today?", "sourceText": "Welke dag is het vandaag?"},
      {"targetText": "I'm sad", "sourceText": "Ik ben verdrietig"},
      {"targetText": "Where is the library?", "sourceText": "Waar is de bibliotheek?"},
      {"targetText": "I'm busy", "sourceText": "Ik heb het druk"},
      {"targetText": "What's your email?", "sourceText": "Wat is uw e-mailadres?"},
      {"targetText": "I'm ready", "sourceText": "Ik ben klaar"},
      {"targetText": "Where is the pharmacy?", "sourceText": "Waar is de apotheek?"},
      {"targetText": "I'm waiting", "sourceText": "Ik wacht"},
      {"targetText": "What's the problem?", "sourceText": "Wat is het probleem?"},
      {"targetText": "I understand", "sourceText": "Ik begrijp het"},
      {"targetText": "Where is the post office?", "sourceText": "Waar is het postkantoor?"},
      {"targetText": "I don't speak Dutch", "sourceText": "Ik spreek geen Nederlands"},
      {"targetText": "What's your job?", "sourceText": "Wat is uw beroep?"},
      {"targetText": "I need water", "sourceText": "Ik heb water nodig"},
      {"targetText": "Where is the restaurant?", "sourceText": "Waar is het restaurant?"},
      {"targetText": "I need to sit down", "sourceText": "Ik moet gaan zitten"},
      {"targetText": "What's your address?", "sourceText": "Wat is uw adres?"},
      {"targetText": "I love you", "sourceText": "Ik hou van je"},
      {"targetText": "Where is the school?", "sourceText": "Waar is de school?"},
      {"targetText": "I'm learning", "sourceText": "Ik ben aan het leren"},
      {"targetText": "What's the time?", "sourceText": "Hoe laat is het?"},
      {"targetText": "I need to go", "sourceText": "Ik moet gaan"},
      {"targetText": "Where is the shop?", "sourceText": "Waar is de winkel?"},
      {"targetText": "I'm sorry, I'm late", "sourceText": "Het spijt me, ik ben te laat"},
      {"targetText": "What's your name?", "sourceText": "Hoe heet u?"},
      {"targetText": "I don't have time", "sourceText": "Ik heb geen tijd"},
      {"targetText": "Where is the bus stop?", "sourceText": "Waar is de bushalte?"},
      {"targetText": "I need a phone", "sourceText": "Ik heb een telefoon nodig"},
      {"targetText": "What's the weather like?", "sourceText": "Hoe is het weer?"},
      {"targetText": "I'm from...", "sourceText": "Ik kom uit..."},
      {"targetText": "Where is the doctor?", "sourceText": "Waar is de dokter?"},
      {"targetText": "I need a map", "sourceText": "Ik heb een kaart nodig"},
      {"targetText": "What's happening?", "sourceText": "Wat is er aan de hand?"},
      {"targetText": "I'm looking for...", "sourceText": "Ik zoek naar..."},
      {"targetText": "Where is the hotel?", "sourceText": "Waar is het hotel?"},
      {"targetText": "I need a pen", "sourceText": "Ik heb een pen nodig"},
      {"targetText": "What's your nationality?", "sourceText": "Wat is uw nationaliteit?"},
      {"targetText": "I'm married", "sourceText": "Ik ben getrouwd"},
      {"targetText": "Where is the park?", "sourceText": "Waar is het park?"},
      {"targetText": "I need help, please", "sourceText": "Ik heb hulp nodig, alstublieft"},
      {"targetText": "What's your age?", "sourceText": "Hoe oud bent u?"},
      {"targetText": "I'm single", "sourceText": "Ik ben alleenstaand"},
      {"targetText": "Where is the police station?", "sourceText": "Waar is het politiebureau?"},
      {"targetText": "I need a taxi", "sourceText": "Ik heb een taxi nodig"},
      {"targetText": "What's the price?", "sourceText": "Wat is de prijs?"},
      {"targetText": "I'm a student", "sourceText": "Ik ben student"},
      {"targetText": "Where is the hospital?", "sourceText": "Waar is het ziekenhuis?"},
      {"targetText": "I need to call...", "sourceText": "Ik moet bellen..."},
      {"targetText": "What's your surname?", "sourceText": "Wat is uw achternaam?"},
      {"targetText": "I'm working", "sourceText": "Ik werk"},
      {"targetText": "Where is the museum?", "sourceText": "Waar is het museum?"},
      {"targetText": "I need to eat", "sourceText": "Ik moet eten"},
      {"targetText": "What's your phone number?", "sourceText": "Wat is uw telefoonnummer?"},
      {"targetText": "I'm going home", "sourceText": "Ik ga naar huis"},
      {"targetText": "Where is the office?", "sourceText": "Waar is het kantoor?"},
      {"targetText": "I need to rest", "sourceText": "Ik moet uitrusten"},
      {"targetText": "What's the matter?", "sourceText": "Wat is er aan de hand?"}
    ]
  }
}
