{
  "packageName": "Inburgeren Lezen+",
  "author": "Cascade",
  "content": {
    "items": [
      {"targetText": "The weather is changing rapidly", "sourceText": "Het weer verandert snel"},
      {"targetText": "I need to make an appointment", "sourceText": "Ik moet een afspraak maken"},
      {"targetText": "This is not acceptable", "sourceText": "Dit is niet acceptabel"},
      {"targetText": "Please fill out this form", "sourceText": "Vul dit formulier in alstublieft"},
      {"targetText": "The meeting is scheduled for tomorrow", "sourceText": "De vergadering staat gepland voor morgen"},
      {"targetText": "I have a question about...", "sourceText": "Ik heb een vraag over..."},
      {"targetText": "This is very important", "sourceText": "Dit is erg belangrijk"},
      {"targetText": "Can you explain that again?", "sourceText": "Kunt u dat nog eens uitleggen?"},
      {"targetText": "I agree with your opinion", "sourceText": "Ik ben het eens met uw mening"},
      {"targetText": "The situation is getting worse", "sourceText": "De situatie wordt erger"},
      {"targetText": "I need more information", "sourceText": "Ik heb meer informatie nodig"},
      {"targetText": "This is against the rules", "sourceText": "Dit is tegen de regels"},
      {"targetText": "Please contact me later", "sourceText": "Neem later contact met mij op"},
      {"targetText": "The deadline is approaching", "sourceText": "De deadline nadert"},
      {"targetText": "I don't have experience with that", "sourceText": "Ik heb geen ervaring daarmee"},
      {"targetText": "This is a good opportunity", "sourceText": "Dit is een goede kans"},
      {"targetText": "The results will be announced soon", "sourceText": "De resultaten worden binnenkort bekendgemaakt"},
      {"targetText": "I need to think about it", "sourceText": "Ik moet erover nadenken"},
      {"targetText": "This is not my responsibility", "sourceText": "Dit is niet mijn verantwoordelijkheid"},
      {"targetText": "Please be patient", "sourceText": "Wees geduldig alstublieft"},
      {"targetText": "The service is excellent", "sourceText": "De service is uitstekend"},
      {"targetText": "I have a suggestion", "sourceText": "Ik heb een voorstel"},
      {"targetText": "This is quite difficult", "sourceText": "Dit is behoorlijk moeilijk"},
      {"targetText": "The decision has been made", "sourceText": "De beslissing is genomen"},
      {"targetText": "I need to cancel my appointment", "sourceText": "Ik moet mijn afspraak annuleren"},
      {"targetText": "This is not possible", "sourceText": "Dit is niet mogelijk"},
      {"targetText": "Please follow the instructions", "sourceText": "Volg de instructies op alstublieft"},
      {"targetText": "The situation is under control", "sourceText": "De situatie is onder controle"},
      {"targetText": "I have a complaint", "sourceText": "Ik heb een klacht"},
      {"targetText": "This is a misunderstanding", "sourceText": "Dit is een misverstand"},
      {"targetText": "The meeting has been postponed", "sourceText": "De vergadering is uitgesteld"},
      {"targetText": "I need professional help", "sourceText": "Ik heb professionele hulp nodig"},
      {"targetText": "This is very disappointing", "sourceText": "Dit is erg teleurstellend"},
      {"targetText": "Please provide your identification", "sourceText": "Geef uw identificatie alstublieft"},
      {"targetText": "The project is on schedule", "sourceText": "Het project loopt op schema"},
      {"targetText": "I have concerns about...", "sourceText": "Ik maak me zorgen over..."},
      {"targetText": "This is unacceptable behavior", "sourceText": "Dit is onacceptabel gedrag"},
      {"targetText": "Please wait your turn", "sourceText": "Wacht uw beurt alstublieft"},
      {"targetText": "The information is confidential", "sourceText": "De informatie is vertrouwelijk"},
      {"targetText": "I need to speak privately", "sourceText": "Ik moet privé spreken"},
      {"targetText": "This is a serious matter", "sourceText": "Dit is een ernstige zaak"},
      {"targetText": "The application has been submitted", "sourceText": "De aanvraag is ingediend"},
      {"targetText": "I have limited time", "sourceText": "Ik heb beperkte tijd"},
      {"targetText": "This is not relevant", "sourceText": "Dit is niet relevant"},
      {"targetText": "Please keep it confidential", "sourceText": "Houd het vertrouwelijk alstublieft"},
      {"targetText": "The payment is overdue", "sourceText": "De betaling is over tijd"},
      {"targetText": "I need technical support", "sourceText": "Ik heb technische ondersteuning nodig"},
      {"targetText": "This is a common problem", "sourceText": "Dit is een veelvoorkomend probleem"},
      {"targetText": "The procedure is complicated", "sourceText": "De procedure is ingewikkeld"},
      {"targetText": "I have an emergency", "sourceText": "Ik heb een noodgeval"},
      {"targetText": "This is not sufficient", "sourceText": "Dit is niet voldoende"},
      {"targetText": "Please provide documentation", "sourceText": "Geef documentatie alstublieft"},
      {"targetText": "The service is unavailable", "sourceText": "De service is niet beschikbaar"},
      {"targetText": "I need to reschedule", "sourceText": "Ik moet het herschikken"},
      {"targetText": "This is a violation", "sourceText": "Dit is een overtreding"},
      {"targetText": "The meeting is mandatory", "sourceText": "De vergadering is verplicht"},
      {"targetText": "I have a proposal", "sourceText": "Ik heb een voorstel"},
      {"targetText": "This is inappropriate", "sourceText": "Dit is ongepast"},
      {"targetText": "Please confirm your attendance", "sourceText": "Bevestig uw deelname alstublieft"},
      {"targetText": "The situation is critical", "sourceText": "De situatie is kritiek"},
      {"targetText": "I need immediate assistance", "sourceText": "Ik heb onmiddellijke hulp nodig"},
      {"targetText": "This is confidential information", "sourceText": "Dit is vertrouwelijke informatie"},
      {"targetText": "The deadline has passed", "sourceText": "De deadline is verstreken"},
      {"targetText": "I have reservations about...", "sourceText": "Ik heb bedenkingen over..."},
      {"targetText": "This is not applicable", "sourceText": "Dit is niet van toepassing"},
      {"targetText": "Please provide feedback", "sourceText": "Geef feedback alstublieft"},
      {"targetText": "The project is complete", "sourceText": "Het project is voltooid"},
      {"targetText": "I need to consult", "sourceText": "Ik moet raadplegen"},
      {"targetText": "This is a legal requirement", "sourceText": "Dit is een wettelijke eis"},
      {"targetText": "The meeting was productive", "sourceText": "De vergadering was productief"},
      {"targetText": "I have authority to...", "sourceText": "Ik heb autoriteit om..."},
      {"targetText": "This is a complex issue", "sourceText": "Dit is een complex probleem"},
      {"targetText": "Please refrain from...", "sourceText": "Houd u alstublieft in van..."},
      {"targetText": "The information is accurate", "sourceText": "De informatie is nauwkeurig"},
      {"targetText": "I need to verify", "sourceText": "Ik moet verifiëren"},
      {"targetText": "This is a priority", "sourceText": "Dit is een prioriteit"},
      {"targetText": "The application is pending", "sourceText": "De aanvraag is in behandeling"},
      {"targetText": "I have expertise in...", "sourceText": "Ik heb expertise in..."},
      {"targetText": "This is an exception", "sourceText": "Dit is een uitzondering"},
      {"targetText": "Please provide evidence", "sourceText": "Geef bewijs alstublieft"},
      {"targetText": "The situation is improving", "sourceText": "De situatie verbetert"},
      {"targetText": "I need clarification", "sourceText": "Ik heb verduidelijking nodig"},
      {"targetText": "This is a standard procedure", "sourceText": "Dit is een standaardprocedure"},
      {"targetText": "The meeting is canceled", "sourceText": "De vergadering is geannuleerd"},
      {"targetText": "I have a request", "sourceText": "Ik heb een verzoek"},
      {"targetText": "This is not feasible", "sourceText": "Dit is niet haalbaar"},
      {"targetText": "Please follow up", "sourceText": "Volg op alstublieft"},
      {"targetText": "The project is delayed", "sourceText": "Het project is vertraagd"},
      {"targetText": "I need to investigate", "sourceText": "Ik moet onderzoeken"},
      {"targetText": "This is a matter of urgency", "sourceText": "Dit is een dringende zaak"},
      {"targetText": "The information is outdated", "sourceText": "De informatie is verouderd"},
      {"targetText": "I have objections", "sourceText": "Ik heb bezwaren"},
      {"targetText": "This is a recommendation", "sourceText": "Dit is een aanbeveling"},
      {"targetText": "Please provide options", "sourceText": "Geef opties alstublieft"},
      {"targetText": "The service is reliable", "sourceText": "De service is betrouwbaar"},
      {"targetText": "I need to coordinate", "sourceText": "Ik moet coördineren"},
      {"targetText": "This is a requirement", "sourceText": "Dit is een eis"},
      {"targetText": "The meeting is rescheduled", "sourceText": "De vergadering is herschikt"},
      {"targetText": "I have concerns", "sourceText": "Ik maak me zorgen"},
      {"targetText": "This is not satisfactory", "sourceText": "Dit is niet bevredigend"},
      {"targetText": "Please provide details", "sourceText": "Geef details alstublieft"},
      {"targetText": "The project is successful", "sourceText": "Het project is succesvol"},
      {"targetText": "I need to comply", "sourceText": "Ik moet voldoen"},
      {"targetText": "This is a policy", "sourceText": "Dit is een beleid"},
      {"targetText": "The information is available", "sourceText": "De informatie is beschikbaar"},
      {"targetText": "I have questions", "sourceText": "Ik heb vragen"},
      {"targetText": "This is an issue", "sourceText": "Dit is een probleem"},
      {"targetText": "Please provide support", "sourceText": "Geef ondersteuning alstublieft"},
      {"targetText": "The situation is resolved", "sourceText": "De situatie is opgelost"},
      {"targetText": "I need to prepare", "sourceText": "Ik moet voorbereiden"},
      {"targetText": "This is a challenge", "sourceText": "Dit is een uitdaging"},
      {"targetText": "The meeting is scheduled", "sourceText": "De vergadering is gepland"},
      {"targetText": "I have information", "sourceText": "Ik heb informatie"},
      {"targetText": "This is appropriate", "sourceText": "Dit is gepast"},
      {"targetText": "Please provide access", "sourceText": "Geef toegang alstublieft"},
      {"targetText": "The project is ongoing", "sourceText": "Het project loopt"},
      {"targetText": "I need to discuss", "sourceText": "Ik moet bespreken"},
      {"targetText": "This is a solution", "sourceText": "Dit is een oplossing"},
      {"targetText": "The information is useful", "sourceText": "De informatie is nuttig"},
      {"targetText": "I have suggestions", "sourceText": "Ik heb suggesties"},
      {"targetText": "This is an opportunity", "sourceText": "Dit is een kans"},
      {"targetText": "Please provide guidance", "sourceText": "Geef begeleiding alstublieft"},
      {"targetText": "The situation is stable", "sourceText": "De situatie is stabiel"},
      {"targetText": "I need to confirm", "sourceText": "Ik moet bevestigen"},
      {"targetText": "This is a process", "sourceText": "Dit is een proces"},
      {"targetText": "The meeting is important", "sourceText": "De vergadering is belangrijk"},
      {"targetText": "I have experience", "sourceText": "Ik heb ervaring"},
      {"targetText": "This is a standard", "sourceText": "Dit is een standaard"},
      {"targetText": "Please provide resources", "sourceText": "Geef middelen alstublieft"},
      {"targetText": "The project is approved", "sourceText": "Het project is goedgekeurd"},
      {"targetText": "I need to review", "sourceText": "Ik moet beoordelen"},
      {"targetText": "This is a benefit", "sourceText": "Dit is een voordeel"},
      {"targetText": "The information is current", "sourceText": "De informatie is actueel"},
      {"targetText": "I have feedback", "sourceText": "Ik heb feedback"},
      {"targetText": "This is an advantage", "sourceText": "Dit is een voordeel"},
      {"targetText": "Please provide assistance", "sourceText": "Geef hulp alstublieft"},
      {"targetText": "The situation is positive", "sourceText": "De situatie is positief"},
      {"targetText": "I need to evaluate", "sourceText": "Ik moet evalueren"},
      {"targetText": "This is a goal", "sourceText": "Dit is een doel"},
      {"targetText": "The meeting is effective", "sourceText": "De vergadering is effectief"}
    ]
  }
}
