{
  "packageName": "Italian B1+ and B2 Words",
  "author": "ChatGPT 5.2",
  "content": {
    "items": [
      {"targetText": "to adapt", "sourceText": "adattarsi"},
      {"targetText": "to address (a problem)", "sourceText": "affrontare"},
      {"targetText": "to affect", "sourceText": "influire"},
      {"targetText": "to reach", "sourceText": "raggiungere"},
      {"targetText": "to provide", "sourceText": "fornire"},
      {"targetText": "to purchase", "sourceText": "acquistare"},
      {"targetText": "to accomplish", "sourceText": "realizzare"},
      {"targetText": "achievement", "sourceText": "traguardo"},
      {"targetText": "to acknowledge", "sourceText": "riconoscere"},
      {"targetText": "to clarify", "sourceText": "chiarire"},
      {"targetText": "clarification", "sourceText": "chiarimento"},
      {"targetText": "to argue", "sourceText": "sostenere"},
      {"targetText": "assertion", "sourceText": "affermazione"},
      {"targetText": "to assume", "sourceText": "supporre"},
      {"targetText": "assumption", "sourceText": "supposizione"},
      {"targetText": "to assess", "sourceText": "valutare"},
      {"targetText": "assessment", "sourceText": "valutazione"},
      {"targetText": "to attempt", "sourceText": "tentare"},
      {"targetText": "attempt", "sourceText": "tentativo"},
      {"targetText": "to avoid", "sourceText": "evitare"},
      {"targetText": "to boost", "sourceText": "potenziare"},
      {"targetText": "to cooperate", "sourceText": "collaborare"},
      {"targetText": "cooperation", "sourceText": "collaborazione"},
      {"targetText": "to comply (with)", "sourceText": "conformarsi"},
      {"targetText": "to compromise", "sourceText": "scendere a compromessi"},
      {"targetText": "compromise", "sourceText": "compromesso"},
      {"targetText": "to conclude", "sourceText": "concludere"},
      {"targetText": "conclusion", "sourceText": "conclusione"},
      {"targetText": "to conduct (a study)", "sourceText": "condurre"},
      {"targetText": "to confirm", "sourceText": "confermare"},
      {"targetText": "confirmation", "sourceText": "conferma"},
      {"targetText": "to consider", "sourceText": "considerare"},
      {"targetText": "consideration", "sourceText": "considerazione"},
      {"targetText": "to contribute", "sourceText": "contribuire"},
      {"targetText": "contribution", "sourceText": "contributo"},
      {"targetText": "to cope", "sourceText": "cavarsela"},
      {"targetText": "to criticize", "sourceText": "criticare"},
      {"targetText": "criticism", "sourceText": "critica"},
      {"targetText": "criterion", "sourceText": "criterio"},
      {"targetText": "to decrease", "sourceText": "diminuire"},
      {"targetText": "decline", "sourceText": "calo"},
      {"targetText": "to defend", "sourceText": "difendere"},
      {"targetText": "defense", "sourceText": "difesa"},
      {"targetText": "to define", "sourceText": "definire"},
      {"targetText": "definition", "sourceText": "definizione"},
      {"targetText": "to deny", "sourceText": "negare"},
      {"targetText": "to derive", "sourceText": "derivare"},
      {"targetText": "to develop", "sourceText": "sviluppare"},
      {"targetText": "development", "sourceText": "sviluppo"},
      {"targetText": "to devote", "sourceText": "dedicare"},
      {"targetText": "devotion", "sourceText": "dedizione"},
      {"targetText": "to distinguish", "sourceText": "distinguere"},
      {"targetText": "distinction", "sourceText": "distinzione"},
      {"targetText": "to implement", "sourceText": "attuare"},
      {"targetText": "implementation", "sourceText": "attuazione"},
      {"targetText": "to emphasize", "sourceText": "sottolineare"},
      {"targetText": "emphasis", "sourceText": "enfasi"},
      {"targetText": "to enable", "sourceText": "consentire"},
      {"targetText": "to enhance", "sourceText": "migliorare"},
      {"targetText": "to ensure", "sourceText": "garantire"},
      {"targetText": "to evaluate", "sourceText": "valutare"},
      {"targetText": "evidence", "sourceText": "evidenza"},
      {"targetText": "to exclude", "sourceText": "escludere"},
      {"targetText": "exclusion", "sourceText": "esclusione"},
      {"targetText": "to expand", "sourceText": "espandere"},
      {"targetText": "expansion", "sourceText": "espansione"},
      {"targetText": "to expose", "sourceText": "esporre"},
      {"targetText": "exposure", "sourceText": "esposizione"},
      {"targetText": "to facilitate", "sourceText": "agevolare"},
      {"targetText": "facility (building)", "sourceText": "struttura"},
      {"targetText": "to forecast", "sourceText": "prevedere"},
      {"targetText": "forecast", "sourceText": "previsione"},
      {"targetText": "to gain", "sourceText": "ottenere"},
      {"targetText": "to gather", "sourceText": "raccogliere"},
      {"targetText": "to generate", "sourceText": "generare"},
      {"targetText": "to grant", "sourceText": "concedere"},
      {"targetText": "grant", "sourceText": "concessione"},
      {"targetText": "to highlight", "sourceText": "mettere in evidenza"},
      {"targetText": "to imply", "sourceText": "implicare"},
      {"targetText": "implication", "sourceText": "implicazione"},
      {"targetText": "to improve", "sourceText": "migliorare"},
      {"targetText": "improvement", "sourceText": "miglioramento"},
      {"targetText": "to indicate", "sourceText": "indicare"},
      {"targetText": "indicator", "sourceText": "indicatore"},
      {"targetText": "to infer", "sourceText": "dedurre"},
      {"targetText": "to inhibit", "sourceText": "inibire"},
      {"targetText": "to innovate", "sourceText": "innovare"},
      {"targetText": "innovation", "sourceText": "innovazione"},
      {"targetText": "to justify", "sourceText": "giustificare"},
      {"targetText": "justification", "sourceText": "giustificazione"},
      {"targetText": "to maintain", "sourceText": "mantenere"},
      {"targetText": "maintenance", "sourceText": "manutenzione"},
      {"targetText": "to manage", "sourceText": "gestire"},
      {"targetText": "management", "sourceText": "gestione"},
      {"targetText": "to monitor", "sourceText": "monitorare"},
      {"targetText": "monitoring", "sourceText": "monitoraggio"},
      {"targetText": "to negotiate", "sourceText": "negoziare"},
      {"targetText": "negotiation", "sourceText": "negoziazione"},
      {"targetText": "to observe", "sourceText": "osservare"},
      {"targetText": "observation", "sourceText": "osservazione"},
      {"targetText": "to obtain", "sourceText": "ottenere"},
      {"targetText": "to occur", "sourceText": "verificarsi"},
      {"targetText": "to overlook", "sourceText": "trascurare"},
      {"targetText": "to perceive", "sourceText": "percepire"},
      {"targetText": "perception", "sourceText": "percezione"},
      {"targetText": "to perform", "sourceText": "svolgere"},
      {"targetText": "performance", "sourceText": "prestazione"},
      {"targetText": "to persuade", "sourceText": "persuadere"},
      {"targetText": "persuasion", "sourceText": "persuasione"},
      {"targetText": "to point out", "sourceText": "far notare"},
      {"targetText": "to postpone", "sourceText": "rimandare"},
      {"targetText": "postponement", "sourceText": "rinvio"},
      {"targetText": "to preserve", "sourceText": "preservare"},
      {"targetText": "to prevent", "sourceText": "prevenire"},
      {"targetText": "prevention", "sourceText": "prevenzione"},
      {"targetText": "to prioritize", "sourceText": "dare priorit\u00e0"},
      {"targetText": "priority", "sourceText": "priorit\u00e0"},
      {"targetText": "to promote", "sourceText": "promuovere"},
      {"targetText": "promotion", "sourceText": "promozione"},
      {"targetText": "to propose", "sourceText": "proporre"},
      {"targetText": "proposal", "sourceText": "proposta"},
      {"targetText": "to pursue", "sourceText": "perseguire"},
      {"targetText": "to question", "sourceText": "mettere in dubbio"},
      {"targetText": "to raise (an issue)", "sourceText": "sollevare"},
      {"targetText": "to reassure", "sourceText": "rassicurare"},
      {"targetText": "to recover", "sourceText": "recuperare"},
      {"targetText": "recovery", "sourceText": "ripresa"},
      {"targetText": "to reflect", "sourceText": "riflettere"},
      {"targetText": "reflection", "sourceText": "riflessione"},
      {"targetText": "to regulate", "sourceText": "regolamentare"},
      {"targetText": "regulation", "sourceText": "regolamento"},
      {"targetText": "to reinforce", "sourceText": "rafforzare"},
      {"targetText": "reinforcement", "sourceText": "rafforzamento"},
      {"targetText": "to replace", "sourceText": "sostituire"},
      {"targetText": "replacement", "sourceText": "sostituzione"},
      {"targetText": "to require", "sourceText": "richiedere"},
      {"targetText": "requirement", "sourceText": "requisito"},
      {"targetText": "to resolve", "sourceText": "risolvere"},
      {"targetText": "resolution", "sourceText": "risoluzione"},
      {"targetText": "to retain", "sourceText": "trattenere"},
      {"targetText": "to reveal", "sourceText": "rivelare"},
      {"targetText": "to review", "sourceText": "rivedere"},
      {"targetText": "review", "sourceText": "revisione"},
      {"targetText": "to schedule", "sourceText": "programmare"},
      {"targetText": "schedule", "sourceText": "programma"},
      {"targetText": "to seek", "sourceText": "cercare"},
      {"targetText": "to set up", "sourceText": "allestire"},
      {"targetText": "shortage", "sourceText": "carenza"},
      {"targetText": "to strengthen", "sourceText": "rafforzare"},
      {"targetText": "to stress", "sourceText": "ribadire"},
      {"targetText": "to submit", "sourceText": "presentare"},
      {"targetText": "submission", "sourceText": "presentazione"},
      {"targetText": "to succeed", "sourceText": "riuscire"},
      {"targetText": "success", "sourceText": "successo"},
      {"targetText": "to suggest", "sourceText": "suggerire"},
      {"targetText": "suggestion", "sourceText": "suggerimento"},
      {"targetText": "to support", "sourceText": "sostenere"},
      {"targetText": "support", "sourceText": "sostegno"},
      {"targetText": "to take into account", "sourceText": "tenere conto"},
      {"targetText": "to target", "sourceText": "puntare"},
      {"targetText": "target", "sourceText": "obiettivo"},
      {"targetText": "to tend", "sourceText": "tendere"},
      {"targetText": "trend", "sourceText": "tendenza"},
      {"targetText": "to undergo", "sourceText": "subire"},
      {"targetText": "to undertake", "sourceText": "intraprendere"},
      {"targetText": "undertaking", "sourceText": "iniziativa"},
      {"targetText": "to update", "sourceText": "aggiornare"},
      {"targetText": "update", "sourceText": "aggiornamento"},
      {"targetText": "to urge", "sourceText": "sollecitare"},
      {"targetText": "to verify", "sourceText": "verificare"},
      {"targetText": "verification", "sourceText": "verifica"},
      {"targetText": "to withdraw", "sourceText": "ritirare"},
      {"targetText": "withdrawal", "sourceText": "ritiro"}
    ]
  }
}
