{
  "packageName": "Dutch A2 – Imperfectum Short Sentences",
  "author": "Tzu Master",
  "content": {
    "items": [
      { "targetText": "Ik werkte gisteren thuis.", "sourceText": "I worked at home yesterday." },
      { "targetText": "Hij belde zijn moeder.", "sourceText": "He called his mother." },
      { "targetText": "Wij maakten een afspraak.", "sourceText": "We made an appointment." },
      { "targetText": "Zij kookte soep gisteren.", "sourceText": "She cooked soup yesterday." },
      { "targetText": "Ik wachtte op de bus.", "sourceText": "I waited for the bus." },
      { "targetText": "We zochten een woning.", "sourceText": "We were looking for housing." },
      { "targetText": "Hij hielp zijn buurman.", "sourceText": "He helped his neighbor." },
      { "targetText": "Ik schreef een brief.", "sourceText": "I wrote a letter." },
      { "targetText": "Zij studeerde voor school.", "sourceText": "She studied for school." },
      { "targetText": "We praatten met de leraar.", "sourceText": "We talked with the teacher." },
      { "targetText": "Ik betaalde de huur.", "sourceText": "I paid the rent." },
      { "targetText": "Hij repareerde de fiets.", "sourceText": "He repaired the bike." },
      { "targetText": "We zaten in de tuin.", "sourceText": "We sat in the garden." },
      { "targetText": "Zij bracht de kinderen weg.", "sourceText": "She brought the children away." },
      { "targetText": "Ik deed de afwas.", "sourceText": "I did the dishes." },
      { "targetText": "Hij keek televisie gisteren.", "sourceText": "He watched TV yesterday." },
      { "targetText": "We bezochten de bibliotheek.", "sourceText": "We visited the library." },
      { "targetText": "Ik kocht nieuwe schoenen.", "sourceText": "I bought new shoes." },
      { "targetText": "Zij hoorde een geluid.", "sourceText": "She heard a sound." },
      { "targetText": "Ik vond de sleutel.", "sourceText": "I found the key." }
    ]
  }
}
