{
  "packageName": "Italian Words B1",
  "author": "ChatGPT 5.2",
  "content": {
    "items": [
      {"targetText": "habit", "sourceText": "abitudine"},
      {"targetText": "ability", "sourceText": "abilit\u00e0"},
      {"targetText": "to happen", "sourceText": "accadere"},
      {"targetText": "to accept", "sourceText": "accettare"},
      {"targetText": "to access", "sourceText": "accedere"},
      {"targetText": "to accompany", "sourceText": "accompagnare"},
      {"targetText": "agreement", "sourceText": "accordo"},
      {"targetText": "to realize", "sourceText": "accorgersi"},
      {"targetText": "to advise", "sourceText": "consigliare"},
      {"targetText": "to add", "sourceText": "aggiungere"},
      {"targetText": "help", "sourceText": "aiuto"},
      {"targetText": "to inform", "sourceText": "informare"},
      {"targetText": "to improve", "sourceText": "migliorare"},
      {"targetText": "alternative", "sourceText": "alternativa"},
      {"targetText": "environment", "sourceText": "ambiente"},
      {"targetText": "analysis", "sourceText": "analisi"},
      {"targetText": "to announce", "sourceText": "annunciare"},
      {"targetText": "appointment", "sourceText": "appuntamento"},
      {"targetText": "to apply (for)", "sourceText": "fare domanda"},
      {"targetText": "to approve", "sourceText": "approvare"},
      {"targetText": "argument", "sourceText": "argomento"},
      {"targetText": "to arrive", "sourceText": "arrivare"},
      {"targetText": "effort", "sourceText": "sforzo"},
      {"targetText": "attention", "sourceText": "attenzione"},
      {"targetText": "to increase", "sourceText": "aumentare"},
      {"targetText": "to avoid", "sourceText": "evitare"},
      {"targetText": "advantage", "sourceText": "vantaggio"},
      {"targetText": "to choose", "sourceText": "scegliere"},
      {"targetText": "need", "sourceText": "bisogno"},
      {"targetText": "to change", "sourceText": "cambiare"},
      {"targetText": "cancellation", "sourceText": "cancellazione"},
      {"targetText": "to understand", "sourceText": "capire"},
      {"targetText": "to share", "sourceText": "condividere"},
      {"targetText": "to celebrate", "sourceText": "festeggiare"},
      {"targetText": "citizen", "sourceText": "cittadino"},
      {"targetText": "to collect", "sourceText": "raccogliere"},
      {"targetText": "to compare", "sourceText": "confrontare"},
      {"targetText": "competition", "sourceText": "competizione"},
      {"targetText": "complaint", "sourceText": "reclamo"},
      {"targetText": "to complete", "sourceText": "completare"},
      {"targetText": "condition", "sourceText": "condizione"},
      {"targetText": "to confirm", "sourceText": "confermare"},
      {"targetText": "to connect", "sourceText": "collegare"},
      {"targetText": "consequence", "sourceText": "conseguenza"},
      {"targetText": "to consider", "sourceText": "considerare"},
      {"targetText": "to continue", "sourceText": "continuare"},
      {"targetText": "to convince", "sourceText": "convincere"},
      {"targetText": "to create", "sourceText": "creare"},
      {"targetText": "growth", "sourceText": "crescita"},
      {"targetText": "to decide", "sourceText": "decidere"},
      {"targetText": "to deliver", "sourceText": "consegnare"},
      {"targetText": "request", "sourceText": "richiesta"},
      {"targetText": "to describe", "sourceText": "descrivere"},
      {"targetText": "to deserve", "sourceText": "meritare"},
      {"targetText": "difference", "sourceText": "differenza"},
      {"targetText": "difficulty", "sourceText": "difficolt\u00e0"},
      {"targetText": "discussion", "sourceText": "discussione"},
      {"targetText": "to distribute", "sourceText": "distribuire"},
      {"targetText": "document", "sourceText": "documento"},
      {"targetText": "duty", "sourceText": "dovere"},
      {"targetText": "education", "sourceText": "istruzione"},
      {"targetText": "to encourage", "sourceText": "incoraggiare"},
      {"targetText": "to enjoy", "sourceText": "godersi"},
      {"targetText": "example", "sourceText": "esempio"},
      {"targetText": "to expect", "sourceText": "aspettarsi"},
      {"targetText": "experience", "sourceText": "esperienza"},
      {"targetText": "to explain", "sourceText": "spiegare"},
      {"targetText": "to fail", "sourceText": "fallire"},
      {"targetText": "fair", "sourceText": "giusto"},
      {"targetText": "to fill in", "sourceText": "compilare"},
      {"targetText": "to find out", "sourceText": "scoprire"},
      {"targetText": "to focus", "sourceText": "concentrarsi"},
      {"targetText": "forbidden", "sourceText": "vietato"},
      {"targetText": "to forgive", "sourceText": "perdonare"},
      {"targetText": "to prepare", "sourceText": "preparare"},
      {"targetText": "future", "sourceText": "futuro"},
      {"targetText": "to guarantee", "sourceText": "garantire"},
      {"targetText": "to manage", "sourceText": "gestire"},
      {"targetText": "goal", "sourceText": "obiettivo"},
      {"targetText": "government", "sourceText": "governo"},
      {"targetText": "to guess", "sourceText": "indovinare"},
      {"targetText": "health", "sourceText": "salute"},
      {"targetText": "to hire", "sourceText": "assumere"},
      {"targetText": "hope", "sourceText": "speranza"},
      {"targetText": "to identify", "sourceText": "identificare"},
      {"targetText": "to influence", "sourceText": "influenzare"},
      {"targetText": "information", "sourceText": "informazione"},
      {"targetText": "to install", "sourceText": "installare"},
      {"targetText": "to introduce", "sourceText": "introdurre"},
      {"targetText": "to invest", "sourceText": "investire"},
      {"targetText": "issue", "sourceText": "problema"},
      {"targetText": "journey", "sourceText": "viaggio"},
      {"targetText": "to keep", "sourceText": "tenere"},
      {"targetText": "to learn", "sourceText": "imparare"},
      {"targetText": "to lend", "sourceText": "prestare"},
      {"targetText": "to limit", "sourceText": "limitare"},
      {"targetText": "to lose", "sourceText": "perdere"},
      {"targetText": "to measure", "sourceText": "misurare"},
      {"targetText": "to mention", "sourceText": "menzionare"},
      {"targetText": "method", "sourceText": "metodo"},
      {"targetText": "mistake", "sourceText": "errore"},
      {"targetText": "to negotiate", "sourceText": "negoziare"},
      {"targetText": "opinion", "sourceText": "opinione"},
      {"targetText": "opportunity", "sourceText": "opportunit\u00e0"},
      {"targetText": "to organize", "sourceText": "organizzare"},
      {"targetText": "permission", "sourceText": "permesso"},
      {"targetText": "to prefer", "sourceText": "preferire"},
      {"targetText": "to prevent", "sourceText": "prevenire"},
      {"targetText": "to reduce", "sourceText": "ridurre"},
      {"targetText": "to refuse", "sourceText": "rifiutare"},
      {"targetText": "relationship", "sourceText": "relazione"},
      {"targetText": "to repair", "sourceText": "riparare"},
      {"targetText": "to require", "sourceText": "richiedere"},
      {"targetText": "responsibility", "sourceText": "responsabilit\u00e0"},
      {"targetText": "result", "sourceText": "risultato"},
      {"targetText": "to save", "sourceText": "salvare"},
      {"targetText": "security", "sourceText": "sicurezza"},
      {"targetText": "to solve", "sourceText": "risolvere"},
      {"targetText": "to suggest", "sourceText": "suggerire"},
      {"targetText": "support", "sourceText": "supporto"},
      {"targetText": "to take part", "sourceText": "partecipare"}
    ]
  }
}
